filepath,filename,parent_folder,original_class,mapped_class,duration_seconds,sample_rate,channels,extension,file_size_bytes,sha256,recording_group,validity_status
Poultry Vocalization Signal Dataset for Early Disease Detection/Poultry Vocalization Signal Dataset for Early Disease Detection/Chicken_Audio_Dataset/Healthy/1.wav,1.wav,Healthy,Healthy,NORMAL,14.5101,48000,1,.wav,1393198,a94b260ab1e1a8a2a688df7820f06c073d85955c736dac398a9638d2251739ac,Healthy_1,VALID
Poultry Vocalization Signal Dataset for Early Disease Detection/Poultry Vocalization Signal Dataset for Early Disease Detection/Chicken_Audio_Dataset/Healthy/10.wav,10.wav,Healthy,Healthy,NORMAL,37.8984,48000,1,.wav,3638472,ba71f94e3d28dbd48232a70e41533ccd0c3f7a4a84cc7e4bb2e5f34ffafbb5be,Healthy_10,VALID
Poultry Vocalization Signal Dataset for Early Disease Detection/Poultry Vocalization Signal Dataset for Early Disease Detection/Chicken_Audio_Dataset/Healthy/100.wav,100.wav,Healthy,Healthy,NORMAL,34.7479,48000,1,.wav,3336026,1392a6dfeb5b34da5e4b36db06432278862609418d9e0f3adc096cd38d60e669,Healthy_100,VALID
Poultry Vocalization Signal Dataset for Early Disease Detection/Poultry Vocalization Signal Dataset for Early Disease Detection/Chicken_Audio_Dataset/Healthy/101.wav,101.wav,Healthy,Healthy,NORMAL,10.5755,48000,1,.wav,1015472,6b52e548ad3fc6e772411a8e5995d28e404eed3de7e714173ff56478e964f596,Healthy_101,VALID
Poultry Vocalization Signal Dataset for Early Disease Detection/Poultry Vocalization Signal Dataset for Early Disease Detection/Chicken_Audio_Dataset/Healthy/102.wav,102.wav,Healthy,Healthy,NORMAL,12.8416,48000,1,.wav,1233024,a01c1f79e99f202dd1525886e289570a4d52de20d7cda354b957669d67600253,Healthy_102,VALID
Poultry Vocalization Signal Dataset for Early Disease Detection/Poultry Vocalization Signal Dataset for Early Disease Detection/Chicken_Audio_Dataset/Healthy/103.wav,103.wav,Healthy,Healthy,NORMAL,6.7985,48000,1,.wav,652884,312e47e25c9c44b6b272b45a0868d8fe1277898a7906f7b3e48ee8ddf64622b5,Healthy_103,VALID
Poultry Vocalization Signal Dataset for Early Disease Detection/Poultry Vocalization Signal Dataset for Early Disease Detection/Chicken_Audio_Dataset/Healthy/104.wav,104.wav,Healthy,Healthy,NORMAL,19.6401,48000,1,.wav,1885680,85721bdbfa8b2f3e6c90a9e17a7e21862aa9ed8bd39c0d9ae1110030d0cc56b3,Healthy_104,VALID
Poultry Vocalization Signal Dataset for Early Disease Detection/Poultry Vocalization Signal Dataset for Early Disease Detection/Chicken_Audio_Dataset/Healthy/105.wav,105.wav,Healthy,Healthy,NORMAL,59.6757,48000,1,.wav,5729098,ba144d07fe21a0ffd50e0150703c5fc80fb2c930640aed8e81be6766359fb61c,Healthy_105,VALID
Poultry Vocalization Signal Dataset for Early Disease Detection/Poultry Vocalization Signal Dataset for Early Disease Detection/Chicken_Audio_Dataset/Healthy/106.wav,106.wav,Healthy,Healthy,NORMAL,24.9279,48000,1,.wav,2393302,c67797b963b2d89fbe3878874db7351ad5ef2b7f0b8bbd7431c2cb194df6af0c,Healthy_106,VALID
Poultry Vocalization Signal Dataset for Early Disease Detection/Poultry Vocalization Signal Dataset for Early Disease Detection/Chicken_Audio_Dataset/Healthy/107.wav,107.wav,Healthy,Healthy,NORMAL,9.8201,48000,1,.wav,942954,f0de5530dc6f5002d4199c19c77458199e1b7084231f8a5701845e9e99a9bf6a,Healthy_107,VALID
Poultry Vocalization Signal Dataset for Early Disease Detection/Poultry Vocalization Signal Dataset for Early Disease Detection/Chicken_Audio_Dataset/Healthy/108.wav,108.wav,Healthy,Healthy,NORMAL,21.1689,48000,1,.wav,2032440,6218eb821fac2c4b489aa5c70d4c15ea1364e70cb41760515336fb3c27e11162,Healthy_108,VALID
Poultry Vocalization Signal Dataset for Early Disease Detection/Poultry Vocalization Signal Dataset for Early Disease Detection/Chicken_Audio_Dataset/Healthy/109.wav,109.wav,Healthy,Healthy,NORMAL,14.3646,48000,1,.wav,1379228,bfe31b7c64663e873584b69192fe826dfe1dfa344601470474f7a7415761523c,Healthy_109,VALID
Poultry Vocalization Signal Dataset for Early Disease Detection/Poultry Vocalization Signal Dataset for Early Disease Detection/Chicken_Audio_Dataset/Healthy/11.wav,11.wav,Healthy,Healthy,NORMAL,20.7539,48000,1,.wav,1992600,798bfb59a512f772bb38f86e05eef9213c4886862540ae86f3ad6f14c27ccc49,Healthy_11,VALID
Poultry Vocalization Signal Dataset for Early Disease Detection/Poultry Vocalization Signal Dataset for Early Disease Detection/Chicken_Audio_Dataset/Healthy/110.wav,110.wav,Healthy,Healthy,NORMAL,11.3405,48000,1,.wav,1088912,0a8e0a467b44e6aebc1ef74379166de98cf6191d17538d526eb7cb6b16bcae1f,Healthy_110,VALID
Poultry Vocalization Signal Dataset for Early Disease Detection/Poultry Vocalization Signal Dataset for Early Disease Detection/Chicken_Audio_Dataset/Healthy/111.wav,111.wav,Healthy,Healthy,NORMAL,34.7774,48000,1,.wav,3338862,5add380521b06fe621534f96cd5dc12f06268eccf39de11652452d4f558f06df,Healthy_111,VALID
Poultry Vocalization Signal Dataset for Early Disease Detection/Poultry Vocalization Signal Dataset for Early Disease Detection/Chicken_Audio_Dataset/Healthy/112.wav,112.wav,Healthy,Healthy,NORMAL,8.3164,48000,1,.wav,798598,ad72d72cef7014971fac51e4187a18b69ef8d485821e433fb6f61a35ceb17d09,Healthy_112,VALID
Poultry Vocalization Signal Dataset for Early Disease Detection/Poultry Vocalization Signal Dataset for Early Disease Detection/Chicken_Audio_Dataset/Healthy/113.wav,113.wav,Healthy,Healthy,NORMAL,9.0724,48000,1,.wav,871176,e1b6b6f8d130ac0e9fe42ac21218dd1f12e1a94b00da8cd5c3ea219a90b47c48,Healthy_113,VALID
Poultry Vocalization Signal Dataset for Early Disease Detection/Poultry Vocalization Signal Dataset for Early Disease Detection/Chicken_Audio_Dataset/Healthy/114.wav,114.wav,Healthy,Healthy,NORMAL,12.0965,48000,1,.wav,1161492,092bd09bbba13d17760aa7c339bf668e8135b3326354614c02e24650d0890feb,Healthy_114,VALID
Poultry Vocalization Signal Dataset for Early Disease Detection/Poultry Vocalization Signal Dataset for Early Disease Detection/Chicken_Audio_Dataset/Healthy/115.wav,115.wav,Healthy,Healthy,NORMAL,16.6327,48000,1,.wav,1596966,04fbce86d74b6bb4fadc187fe167877d5f5cff18a9fb4c030dee79443f45997a,Healthy_115,VALID
Poultry Vocalization Signal Dataset for Early Disease Detection/Poultry Vocalization Signal Dataset for Early Disease Detection/Chicken_Audio_Dataset/Healthy/116.wav,116.wav,Healthy,Healthy,NORMAL,29.4852,48000,1,.wav,2830810,cf3f311028f8080976fd5d59c2f43065419476ecb8ac8971609e56b4db4427f7,Healthy_116,VALID
Poultry Vocalization Signal Dataset for Early Disease Detection/Poultry Vocalization Signal Dataset for Early Disease Detection/Chicken_Audio_Dataset/Healthy/117.wav,117.wav,Healthy,Healthy,NORMAL,9.8284,48000,1,.wav,943754,42cb01e7b34855aa0ee13cad212d6a52742f204c247305134895524af29d597a,Healthy_117,VALID
Poultry Vocalization Signal Dataset for Early Disease Detection/Poultry Vocalization Signal Dataset for Early Disease Detection/Chicken_Audio_Dataset/Healthy/118.wav,118.wav,Healthy,Healthy,NORMAL,11.3405,48000,1,.wav,1088912,9732b51bfe9fa51bdcb91a494a0d0c38ec1c6eb8aeddc5afda65323f36bba7ba,Healthy_118,VALID
Poultry Vocalization Signal Dataset for Early Disease Detection/Poultry Vocalization Signal Dataset for Early Disease Detection/Chicken_Audio_Dataset/Healthy/119.wav,119.wav,Healthy,Healthy,NORMAL,21.9249,48000,1,.wav,2105018,391797394e538cd1f2f2440a6017ae5343965c0a69ae3ffe6222bd3d489b03cc,Healthy_119,VALID
Poultry Vocalization Signal Dataset for Early Disease Detection/Poultry Vocalization Signal Dataset for Early Disease Detection/Chicken_Audio_Dataset/Healthy/12.wav,12.wav,Healthy,Healthy,NORMAL,18.2685,48000,1,.wav,1754008,ae4ea408318d02ffa1e6f9a46aea3d33b66b55c676c3f341297cd595d221e6c8,Healthy_12,VALID
Poultry Vocalization Signal Dataset for Early Disease Detection/Poultry Vocalization Signal Dataset for Early Disease Detection/Chicken_Audio_Dataset/Healthy/120.wav,120.wav,Healthy,Healthy,NORMAL,20.4129,48000,1,.wav,1959862,e59e095d0ef0c90a99e03ad5fc4cf170d882c22963fbf0830b755c00c929d288,Healthy_120,VALID
Poultry Vocalization Signal Dataset for Early Disease Detection/Poultry Vocalization Signal Dataset for Early Disease Detection/Chicken_Audio_Dataset/Healthy/121.wav,121.wav,Healthy,Healthy,NORMAL,64.2627,48000,1,.wav,6169444,8f7e2516d8017364f149b7279542868abe0b8eb647eb1b1d217cfd85c7232908,Healthy_121,VALID
Poultry Vocalization Signal Dataset for Early Disease Detection/Poultry Vocalization Signal Dataset for Early Disease Detection/Chicken_Audio_Dataset/Healthy/122.wav,122.wav,Healthy,Healthy,NORMAL,20.4129,48000,1,.wav,1959862,e844366e872426c37553930090d0663f05bb35a603816aec9bdc8f0613fefc0f,Healthy_122,VALID
Poultry Vocalization Signal Dataset for Early Disease Detection/Poultry Vocalization Signal Dataset for Early Disease Detection/Chicken_Audio_Dataset/Healthy/123.wav,123.wav,Healthy,Healthy,NORMAL,324.5267,48000,1,.wav,31154696,57ad5e113b5dc61c7d7bdc4950b80d307f0942aa39ca2f7ca4b7b26d212a7e8e,Healthy_123,VALID
Poultry Vocalization Signal Dataset for Early Disease Detection/Poultry Vocalization Signal Dataset for Early Disease Detection/Chicken_Audio_Dataset/Healthy/124.wav,124.wav,Healthy,Healthy,NORMAL,906.2005,48000,1,.wav,86995384,68fd340f82efda00a7e429582043ca6ea998ddfd0f70b33a8590a222f2f42892,Healthy_124,VALID
Poultry Vocalization Signal Dataset for Early Disease Detection/Poultry Vocalization Signal Dataset for Early Disease Detection/Chicken_Audio_Dataset/Healthy/125.wav,125.wav,Healthy,Healthy,NORMAL,12.3003,48000,1,.wav,1180968,2526aa6050c924b5ae68d4e03d552d775ebfebd3bd152f1b3631369fa33fdc09,Healthy_125,VALID
Poultry Vocalization Signal Dataset for Early Disease Detection/Poultry Vocalization Signal Dataset for Early Disease Detection/Chicken_Audio_Dataset/Healthy/126.wav,126.wav,Healthy,Healthy,NORMAL,12.3003,48000,1,.wav,1180968,7f3fa138069d187d075d6677187c6722f9842e98a2cdd1574a07b2df100d1996,Healthy_126,VALID
Poultry Vocalization Signal Dataset for Early Disease Detection/Poultry Vocalization Signal Dataset for Early Disease Detection/Chicken_Audio_Dataset/Healthy/127.wav,127.wav,Healthy,Healthy,NORMAL,9.6646,48000,1,.wav,927934,d97a6c97b1a4a1971640b04ca8556ef9c36dc49cab214a8db8e5a29129d71120,Healthy_127,VALID
Poultry Vocalization Signal Dataset for Early Disease Detection/Poultry Vocalization Signal Dataset for Early Disease Detection/Chicken_Audio_Dataset/Healthy/128.wav,128.wav,Healthy,Healthy,NORMAL,14.9361,48000,1,.wav,1434006,8f77048fd07cf7b39f7cbddd25a699eb37005a4d72abc7b2509fd82485648dc7,Healthy_128,VALID
Poultry Vocalization Signal Dataset for Early Disease Detection/Poultry Vocalization Signal Dataset for Early Disease Detection/Chicken_Audio_Dataset/Healthy/129.wav,129.wav,Healthy,Healthy,NORMAL,14.0575,48000,1,.wav,1349660,6abff7d4ca3a0ba3654fb5b20371b5de10a7802f9c072741f341d9409e4da12b,Healthy_129,VALID
Poultry Vocalization Signal Dataset for Early Disease Detection/Poultry Vocalization Signal Dataset for Early Disease Detection/Chicken_Audio_Dataset/Healthy/13.wav,13.wav,Healthy,Healthy,NORMAL,11.8746,48000,1,.wav,1140186,bc9a9cb2824946419c68b26510159f9f3a3c8bea89debbce05010abc11f8096c,Healthy_13,VALID
Poultry Vocalization Signal Dataset for Early Disease Detection/Poultry Vocalization Signal Dataset for Early Disease Detection/Chicken_Audio_Dataset/Healthy/130.wav,130.wav,Healthy,Healthy,NORMAL,24.787,48000,1,.wav,2379686,5f4d6e43671bf66103f16d4f4e3a833040529c7dc0de306302e647bd25b800b4,Healthy_130,VALID
Poultry Vocalization Signal Dataset for Early Disease Detection/Poultry Vocalization Signal Dataset for Early Disease Detection/Chicken_Audio_Dataset/Healthy/131.wav,131.wav,Healthy,Healthy,NORMAL,20.3608,48000,1,.wav,1954768,4db00f077606e2d4386cacc6ac12be6b1ae39a24f823e4c8f61b7431290c5b74,Healthy_131,VALID
Poultry Vocalization Signal Dataset for Early Disease Detection/Poultry Vocalization Signal Dataset for Early Disease Detection/Chicken_Audio_Dataset/Healthy/132.wav,132.wav,Healthy,Healthy,NORMAL,53.115,48000,1,.wav,5099176,df83ee4aa40dd47dc242b687c0ec14c129820c5945deb4b84182c1228a7cffc9,Healthy_132,VALID
Poultry Vocalization Signal Dataset for Early Disease Detection/Poultry Vocalization Signal Dataset for Early Disease Detection/Chicken_Audio_Dataset/Healthy/133.wav,133.wav,Healthy,Healthy,NORMAL,11.5083,48000,1,.wav,1104926,3b4a405f2893b5651efb73886c002708d82eb9efa23fac8a16c7320069b4b2c7,Healthy_133,VALID
Poultry Vocalization Signal Dataset for Early Disease Detection/Poultry Vocalization Signal Dataset for Early Disease Detection/Chicken_Audio_Dataset/Healthy/134.wav,134.wav,Healthy,Healthy,NORMAL,39.8244,48000,1,.wav,3823280,bb4adfaf4f5c5003f53f7894bbbe115b6313bcc16aed651d458fe68bb2d75515,Healthy_134,VALID
Poultry Vocalization Signal Dataset for Early Disease Detection/Poultry Vocalization Signal Dataset for Early Disease Detection/Chicken_Audio_Dataset/Healthy/135.wav,135.wav,Healthy,Healthy,NORMAL,36.4109,48000,1,.wav,3495582,37346628d4cd70c0e3b1ace140e3fc7a809a66239de9a0a771d10f530b0bea74,Healthy_135,VALID
Poultry Vocalization Signal Dataset for Early Disease Detection/Poultry Vocalization Signal Dataset for Early Disease Detection/Chicken_Audio_Dataset/Healthy/136.wav,136.wav,Healthy,Healthy,NORMAL,64.8569,48000,1,.wav,6226398,4818c6a96f2fa6c2f93f3817a1085fcd5d66a5b975a4c08c886affef41a46b83,Healthy_136,VALID
Poultry Vocalization Signal Dataset for Early Disease Detection/Poultry Vocalization Signal Dataset for Early Disease Detection/Chicken_Audio_Dataset/Healthy/137.wav,137.wav,Healthy,Healthy,NORMAL,13.6541,48000,1,.wav,1310928,35823360d598eb0f215e0d30875ccc7164b4e8abebd0a52480253deb3b35fb3e,Healthy_137,VALID
Poultry Vocalization Signal Dataset for Early Disease Detection/Poultry Vocalization Signal Dataset for Early Disease Detection/Chicken_Audio_Dataset/Healthy/138.wav,138.wav,Healthy,Healthy,NORMAL,45.5136,48000,1,.wav,4369444,ab17b1fe7eb598c235910e93d8ce69a04802b710790bff92b0ea0e9689b4f13c,Healthy_138,VALID
Poultry Vocalization Signal Dataset for Early Disease Detection/Poultry Vocalization Signal Dataset for Early Disease Detection/Chicken_Audio_Dataset/Healthy/139.wav,139.wav,Healthy,Healthy,NORMAL,21.5643,48000,1,.wav,2070312,0c085b8447b2e91c114a4061daabe822a2ad212a20dbfbcf55db9bdd31efd247,Healthy_139,VALID
Poultry Vocalization Signal Dataset for Early Disease Detection/Poultry Vocalization Signal Dataset for Early Disease Detection/Chicken_Audio_Dataset/Healthy/14.wav,14.wav,Healthy,Healthy,NORMAL,17.3551,48000,1,.wav,1666318,1fff004f46038d42eba62db138c7d034f3ffb3b7694409d782edac183d22311b,Healthy_14,VALID
Poultry Vocalization Signal Dataset for Early Disease Detection/Poultry Vocalization Signal Dataset for Early Disease Detection/Chicken_Audio_Dataset/Healthy/15.wav,15.wav,Healthy,Healthy,NORMAL,13.7014,48000,1,.wav,1315564,5d3b29d47a2fb913a7df06504441cf5bb6fdb5987a57a1034b26a0cc825bf9ed,Healthy_15,VALID
Poultry Vocalization Signal Dataset for Early Disease Detection/Poultry Vocalization Signal Dataset for Early Disease Detection/Chicken_Audio_Dataset/Healthy/16.wav,16.wav,Healthy,Healthy,NORMAL,11.8746,48000,1,.wav,1140186,a10641e4a8b81400d4b29caef0d7b8fbd39a6c75dfa404b2df7030358b3e2ec9,Healthy_16,VALID
Poultry Vocalization Signal Dataset for Early Disease Detection/Poultry Vocalization Signal Dataset for Early Disease Detection/Chicken_Audio_Dataset/Healthy/17.wav,17.wav,Healthy,Healthy,NORMAL,11.8746,48000,1,.wav,1140186,a3451974ac09d07a358f8f1d69e8c61eab7e9cbc98e0b57354440af1e3884c7b,Healthy_17,VALID
Poultry Vocalization Signal Dataset for Early Disease Detection/Poultry Vocalization Signal Dataset for Early Disease Detection/Chicken_Audio_Dataset/Healthy/18.wav,18.wav,Healthy,Healthy,NORMAL,12.788,48000,1,.wav,1227874,5d63b2d3d83f3cf0f63b34c6591821a2711879f64f3917657dd1b22a86089bf9,Healthy_18,VALID
Poultry Vocalization Signal Dataset for Early Disease Detection/Poultry Vocalization Signal Dataset for Early Disease Detection/Chicken_Audio_Dataset/Healthy/19.wav,19.wav,Healthy,Healthy,NORMAL,14.6148,48000,1,.wav,1403252,afd09d0a2c4c1b1d8f5381070db0c502aade9e65df06202536e0c2e68d346796,Healthy_19,VALID
Poultry Vocalization Signal Dataset for Early Disease Detection/Poultry Vocalization Signal Dataset for Early Disease Detection/Chicken_Audio_Dataset/Healthy/2.wav,2.wav,Healthy,Healthy,NORMAL,27.0703,48000,1,.wav,2598974,b7bae05f356a3c20dd42943dcdcd538d44b9a4339184dc43a5bf2c89cd07705e,Healthy_2,VALID
Poultry Vocalization Signal Dataset for Early Disease Detection/Poultry Vocalization Signal Dataset for Early Disease Detection/Chicken_Audio_Dataset/Healthy/20.wav,20.wav,Healthy,Healthy,NORMAL,23.7491,48000,1,.wav,2280142,12dc34308b628e7a76e014e514d65c9aab08600d31d800d414d3dddfd2804f05,Healthy_20,VALID
Poultry Vocalization Signal Dataset for Early Disease Detection/Poultry Vocalization Signal Dataset for Early Disease Detection/Chicken_Audio_Dataset/Healthy/21.wav,21.wav,Healthy,Healthy,NORMAL,34.7102,48000,1,.wav,3332410,b3439bafc7afeebb1d4295cff3b15b7f44b6ae5dda64b2493579c5b0d00ec4b1,Healthy_21,VALID
Poultry Vocalization Signal Dataset for Early Disease Detection/Poultry Vocalization Signal Dataset for Early Disease Detection/Chicken_Audio_Dataset/Healthy/22.wav,22.wav,Healthy,Healthy,NORMAL,17.3551,48000,1,.wav,1666320,c24ffb4761f1b790c420cfae06e8c2e686d8cc5f4eec082a38a60593737b4c65,Healthy_22,VALID
Poultry Vocalization Signal Dataset for Early Disease Detection/Poultry Vocalization Signal Dataset for Early Disease Detection/Chicken_Audio_Dataset/Healthy/23.wav,23.wav,Healthy,Healthy,NORMAL,19.182,48000,1,.wav,1841696,3843935fda3fb2370c8223b0d1393e0ee51e6c121c34ed029239f242630ecc06,Healthy_23,VALID
Poultry Vocalization Signal Dataset for Early Disease Detection/Poultry Vocalization Signal Dataset for Early Disease Detection/Chicken_Audio_Dataset/Healthy/24.wav,24.wav,Healthy,Healthy,NORMAL,10.9611,48000,1,.wav,1052496,b14d4360e07cde7378f8d666b2f7b4cc34df6797b8a5e5d1974df644f7fcb7a4,Healthy_24,VALID
Poultry Vocalization Signal Dataset for Early Disease Detection/Poultry Vocalization Signal Dataset for Early Disease Detection/Chicken_Audio_Dataset/Healthy/25.wav,25.wav,Healthy,Healthy,NORMAL,32.8834,48000,1,.wav,3157032,d6496441dbd40167610ca783a842759b78e33c7196eba7b86e60d900ae7ddde6,Healthy_25,VALID
Poultry Vocalization Signal Dataset for Early Disease Detection/Poultry Vocalization Signal Dataset for Early Disease Detection/Chicken_Audio_Dataset/Healthy/26.wav,26.wav,Healthy,Healthy,NORMAL,25.576,48000,1,.wav,2455520,690035ec92318bb50a60f6a8856766f40399ba0d93f1fbb8a55286b48c1cf19e,Healthy_26,VALID
Poultry Vocalization Signal Dataset for Early Disease Detection/Poultry Vocalization Signal Dataset for Early Disease Detection/Chicken_Audio_Dataset/Healthy/27.wav,27.wav,Healthy,Healthy,NORMAL,17.3551,48000,1,.wav,1666318,4994207a34b5a6a2deb9b3cfc6af35f96378c61f6d724db0752bccdc403a1ae1,Healthy_27,VALID
Poultry Vocalization Signal Dataset for Early Disease Detection/Poultry Vocalization Signal Dataset for Early Disease Detection/Chicken_Audio_Dataset/Healthy/28.wav,28.wav,Healthy,Healthy,NORMAL,25.576,48000,1,.wav,2455520,0a3f8db0fa56b3d94c72a57de3ebd40f9494c5134d0cab9260bf2ba66c8ddedf,Healthy_28,VALID
Poultry Vocalization Signal Dataset for Early Disease Detection/Poultry Vocalization Signal Dataset for Early Disease Detection/Chicken_Audio_Dataset/Healthy/29.wav,29.wav,Healthy,Healthy,NORMAL,39.2774,48000,1,.wav,3770856,877c9798b4aacde54b8bb96de4692c72a36a0dcb2bd7bc8975a4a4b930ed12ca,Healthy_29,VALID
Poultry Vocalization Signal Dataset for Early Disease Detection/Poultry Vocalization Signal Dataset for Early Disease Detection/Chicken_Audio_Dataset/Healthy/3.wav,3.wav,Healthy,Healthy,NORMAL,27.9726,48000,1,.wav,2685598,9ced41a13279c07bc025ff59ead5c169383c44b95a5c9f057e60d3ed346bb60c,Healthy_3,VALID
Poultry Vocalization Signal Dataset for Early Disease Detection/Poultry Vocalization Signal Dataset for Early Disease Detection/Chicken_Audio_Dataset/Healthy/30.wav,30.wav,Healthy,Healthy,NORMAL,11.8746,48000,1,.wav,1140186,d43ed26774bb9094e79ac89f08b72406f2dc4b7ddefbb16071be5c01a6d7556e,Healthy_30,VALID
Poultry Vocalization Signal Dataset for Early Disease Detection/Poultry Vocalization Signal Dataset for Early Disease Detection/Chicken_Audio_Dataset/Healthy/31.wav,31.wav,Healthy,Healthy,NORMAL,27.4028,48000,1,.wav,2630898,67a7eb5f1d170087c79a43251219a0b37f30f8dfea96d217195740e1364e3ba7,Healthy_31,VALID
Poultry Vocalization Signal Dataset for Early Disease Detection/Poultry Vocalization Signal Dataset for Early Disease Detection/Chicken_Audio_Dataset/Healthy/32.wav,32.wav,Healthy,Healthy,NORMAL,59.3728,48000,1,.wav,5700014,e0040a1619375aa94e45334ee6fcbb1e032f86814b79a34e32c965972a1611f6,Healthy_32,VALID
Poultry Vocalization Signal Dataset for Early Disease Detection/Poultry Vocalization Signal Dataset for Early Disease Detection/Chicken_Audio_Dataset/Healthy/33.wav,33.wav,Healthy,Healthy,NORMAL,9.3146,48000,1,.wav,894426,1d20f09e17985dd8d24a9398b0d799550d5e79dd3032b7a6cd70fa98c70058c1,Healthy_33,VALID
Poultry Vocalization Signal Dataset for Early Disease Detection/Poultry Vocalization Signal Dataset for Early Disease Detection/Chicken_Audio_Dataset/Healthy/34.wav,34.wav,Healthy,Healthy,NORMAL,69.8667,48000,1,.wav,6707424,a472aca175bcfb16ec512c94de40796cb98cef335b22f275feea4d3f02ac9c48,Healthy_34,VALID
Poultry Vocalization Signal Dataset for Early Disease Detection/Poultry Vocalization Signal Dataset for Early Disease Detection/Chicken_Audio_Dataset/Healthy/35.wav,35.wav,Healthy,Healthy,NORMAL,32.6551,48000,1,.wav,3135112,fcd80c939a8c7885aa9f6f5ed981900be0f9294e09aa618c7115bd59a93548b1,Healthy_35,VALID
Poultry Vocalization Signal Dataset for Early Disease Detection/Poultry Vocalization Signal Dataset for Early Disease Detection/Chicken_Audio_Dataset/Healthy/36.wav,36.wav,Healthy,Healthy,NORMAL,27.3391,48000,1,.wav,2624782,7665975e79e6c07df9ff5b5f40f09843fce850b0127e4c36ee166682b89c71a7,Healthy_36,VALID
Poultry Vocalization Signal Dataset for Early Disease Detection/Poultry Vocalization Signal Dataset for Early Disease Detection/Chicken_Audio_Dataset/Healthy/37.wav,37.wav,Healthy,Healthy,NORMAL,34.9333,48000,1,.wav,3353824,48b685f7f428eae86a21f6c305de2fabc1ac4e6459873352b458ab3a1de997e0,Healthy_37,VALID
Poultry Vocalization Signal Dataset for Early Disease Detection/Poultry Vocalization Signal Dataset for Early Disease Detection/Chicken_Audio_Dataset/Healthy/38.wav,38.wav,Healthy,Healthy,NORMAL,15.1884,48000,1,.wav,1458310,d915570d87f44e9a481557d13ccd477d872a094ff7544f2e5e8e6277b43cd495,Healthy_38,VALID
Poultry Vocalization Signal Dataset for Early Disease Detection/Poultry Vocalization Signal Dataset for Early Disease Detection/Chicken_Audio_Dataset/Healthy/39.wav,39.wav,Healthy,Healthy,NORMAL,24.3014,48000,1,.wav,2333162,7c57961c5f36491be2e27a07bfa33d36bb48b59cb05782f713da6a4ba2efabe0,Healthy_39,VALID
Poultry Vocalization Signal Dataset for Early Disease Detection/Poultry Vocalization Signal Dataset for Early Disease Detection/Chicken_Audio_Dataset/Healthy/4.wav,4.wav,Healthy,Healthy,NORMAL,20.7539,48000,1,.wav,1992600,2da7dc93aa422618ad57c3e6c5af9b800854bdf1f6d081744c4e640b1247e073,Healthy_4,VALID
Poultry Vocalization Signal Dataset for Early Disease Detection/Poultry Vocalization Signal Dataset for Early Disease Detection/Chicken_Audio_Dataset/Healthy/40.wav,40.wav,Healthy,Healthy,NORMAL,9.8725,48000,1,.wav,947980,32b8fd959fc36fd9df91a28ed29fd4a618f19a84c67b2b6b46c1b802217f10af,Healthy_40,VALID
Poultry Vocalization Signal Dataset for Early Disease Detection/Poultry Vocalization Signal Dataset for Early Disease Detection/Chicken_Audio_Dataset/Healthy/41.wav,41.wav,Healthy,Healthy,NORMAL,10.6319,48000,1,.wav,1020884,11bef34505380296b8b255cbb83d7212cffb12ee29f2fb8f034e57fec75d99e4,Healthy_41,VALID
Poultry Vocalization Signal Dataset for Early Disease Detection/Poultry Vocalization Signal Dataset for Early Disease Detection/Chicken_Audio_Dataset/Healthy/42.wav,42.wav,Healthy,Healthy,NORMAL,15.9478,48000,1,.wav,1531214,48a17f5d8f57cffcad6b730987c8c328b152d95ead477e1eb4aa9b19823c59b1,Healthy_42,VALID
Poultry Vocalization Signal Dataset for Early Disease Detection/Poultry Vocalization Signal Dataset for Early Disease Detection/Chicken_Audio_Dataset/Healthy/43.wav,43.wav,Healthy,Healthy,NORMAL,41.0087,48000,1,.wav,3937060,9cee0bc379bf33f2ea69a96f4cd11734f46f532a350b829e51425fb8655a2428,Healthy_43,VALID
Poultry Vocalization Signal Dataset for Early Disease Detection/Poultry Vocalization Signal Dataset for Early Disease Detection/Chicken_Audio_Dataset/Healthy/44.wav,44.wav,Healthy,Healthy,NORMAL,13.6696,48000,1,.wav,1312502,bd9b6aaf05829dc1e960803389a63e2275427ae1edab573bdd58dfe6c3bce9d6,Healthy_44,VALID
Poultry Vocalization Signal Dataset for Early Disease Detection/Poultry Vocalization Signal Dataset for Early Disease Detection/Chicken_Audio_Dataset/Healthy/45.wav,45.wav,Healthy,Healthy,NORMAL,44.0464,48000,1,.wav,4228676,7c7e5b3642f475d89164728e2265cc98a881d1975e55be2a9c2df807647d99b5,Healthy_45,VALID
Poultry Vocalization Signal Dataset for Early Disease Detection/Poultry Vocalization Signal Dataset for Early Disease Detection/Chicken_Audio_Dataset/Healthy/46.wav,46.wav,Healthy,Healthy,NORMAL,12.9101,48000,1,.wav,1239598,4630122b69138ed4c3ee563aedbbec3574f333cf2cb1ab958aefd3b976878b5a,Healthy_46,VALID
Poultry Vocalization Signal Dataset for Early Disease Detection/Poultry Vocalization Signal Dataset for Early Disease Detection/Chicken_Audio_Dataset/Healthy/47.wav,47.wav,Healthy,Healthy,NORMAL,35.6927,48000,1,.wav,3426728,62ef3acc998c2ec460a08da229bb4ea8622b0f2d5ed4ddd43088d3585c40dc26,Healthy_47,VALID
Poultry Vocalization Signal Dataset for Early Disease Detection/Poultry Vocalization Signal Dataset for Early Disease Detection/Chicken_Audio_Dataset/Healthy/48.wav,48.wav,Healthy,Healthy,NORMAL,21.2638,48000,1,.wav,2041546,b61273414c9791f8c7061c77346ae7749bd0a98847896bc2524e67bd881fbc29,Healthy_48,VALID
Poultry Vocalization Signal Dataset for Early Disease Detection/Poultry Vocalization Signal Dataset for Early Disease Detection/Chicken_Audio_Dataset/Healthy/49.wav,49.wav,Healthy,Healthy,NORMAL,28.0986,48000,1,.wav,2697686,de93c939722c42e646ac4fb9d7cfb0dbd01e34d7e3c31bdb12fec93d0d3c4986,Healthy_49,VALID
Poultry Vocalization Signal Dataset for Early Disease Detection/Poultry Vocalization Signal Dataset for Early Disease Detection/Chicken_Audio_Dataset/Healthy/5.wav,5.wav,Healthy,Healthy,NORMAL,24.3633,48000,1,.wav,2339100,8109d95a14d047e6dc872a42650614deb2809774e12a746758d16f74a8621314,Healthy_5,VALID
Poultry Vocalization Signal Dataset for Early Disease Detection/Poultry Vocalization Signal Dataset for Early Disease Detection/Chicken_Audio_Dataset/Healthy/50.wav,50.wav,Healthy,Healthy,NORMAL,85.0551,48000,1,.wav,8165512,17a046cf935d40659573f0c486640126ca742da6fbba81e83efa0b255686e843,Healthy_50,VALID
Poultry Vocalization Signal Dataset for Early Disease Detection/Poultry Vocalization Signal Dataset for Early Disease Detection/Chicken_Audio_Dataset/Healthy/51.wav,51.wav,Healthy,Healthy,NORMAL,26.5797,48000,1,.wav,2551876,129e1f12d4869172ece12a6d8fb274c533af87a5b03ad3488f0efb17e0efb0d9,Healthy_51,VALID
Poultry Vocalization Signal Dataset for Early Disease Detection/Poultry Vocalization Signal Dataset for Early Disease Detection/Chicken_Audio_Dataset/Healthy/52.wav,52.wav,Healthy,Healthy,NORMAL,20.5043,48000,1,.wav,1968640,cc88ed6c8db02f4a32daa9bb8bc6f6160e62f53cc26b6198b7977aad83803f71,Healthy_52,VALID
Poultry Vocalization Signal Dataset for Early Disease Detection/Poultry Vocalization Signal Dataset for Early Disease Detection/Chicken_Audio_Dataset/Healthy/53.wav,53.wav,Healthy,Healthy,NORMAL,31.1362,48000,1,.wav,2989302,4cfd342068bca2ec6833583a455ce001ad11d8f67e96244f86c69a8fa2706c85,Healthy_53,VALID
Poultry Vocalization Signal Dataset for Early Disease Detection/Poultry Vocalization Signal Dataset for Early Disease Detection/Chicken_Audio_Dataset/Healthy/54.wav,54.wav,Healthy,Healthy,NORMAL,10.6319,48000,1,.wav,1020884,21c16581bd02b8d9a0866e7e88db2982a4486558d40c42170acded4c2268a620,Healthy_54,VALID
Poultry Vocalization Signal Dataset for Early Disease Detection/Poultry Vocalization Signal Dataset for Early Disease Detection/Chicken_Audio_Dataset/Healthy/55.wav,55.wav,Healthy,Healthy,NORMAL,88.7624,48000,1,.wav,8521418,dbfc74d1376fed54fbeb4accc1891258fa0c8e29e827b8b1d45944fd3aadfd5a,Healthy_55,VALID
Poultry Vocalization Signal Dataset for Early Disease Detection/Poultry Vocalization Signal Dataset for Early Disease Detection/Chicken_Audio_Dataset/Healthy/56.wav,56.wav,Healthy,Healthy,NORMAL,49.3125,48000,1,.wav,4734220,8be411fe32b4c28d23347fec80070d5598e257c89c720ad6468df307cf091459,Healthy_56,VALID
Poultry Vocalization Signal Dataset for Early Disease Detection/Poultry Vocalization Signal Dataset for Early Disease Detection/Chicken_Audio_Dataset/Healthy/57.wav,57.wav,Healthy,Healthy,NORMAL,22.7596,48000,1,.wav,2185144,36bd3d19175df70c479835ca6dc4afb087abd369213ff801f5b4beea01a99c2c,Healthy_57,VALID
Poultry Vocalization Signal Dataset for Early Disease Detection/Poultry Vocalization Signal Dataset for Early Disease Detection/Chicken_Audio_Dataset/Healthy/58.wav,58.wav,Healthy,Healthy,NORMAL,37.9327,48000,1,.wav,3641760,0aaf5891dae4b66884e4b750800eeb567777ceb479addd7441879e3d39ebd768,Healthy_58,VALID
Poultry Vocalization Signal Dataset for Early Disease Detection/Poultry Vocalization Signal Dataset for Early Disease Detection/Chicken_Audio_Dataset/Healthy/59.wav,59.wav,Healthy,Healthy,NORMAL,24.2769,48000,1,.wav,2330806,bc8656533e5fdcd5a4e5216fefbe9c8d2f80d4085f790a3d00f7512d43252503,Healthy_59,VALID
Poultry Vocalization Signal Dataset for Early Disease Detection/Poultry Vocalization Signal Dataset for Early Disease Detection/Chicken_Audio_Dataset/Healthy/6.wav,6.wav,Healthy,Healthy,NORMAL,35.1914,48000,1,.wav,3378598,588dee54fc6dfbeebf2f2bc2bd57e581d8e3c2cd404ef68353f16be81b840e9b,Healthy_6,VALID
Poultry Vocalization Signal Dataset for Early Disease Detection/Poultry Vocalization Signal Dataset for Early Disease Detection/Chicken_Audio_Dataset/Healthy/60.wav,60.wav,Healthy,Healthy,NORMAL,25.7942,48000,1,.wav,2476470,5a4d1c8b97ed7661fb3a4f85ab141f1c5aa79f7f83fdfbf7a62593003cbb1b92,Healthy_60,VALID
Poultry Vocalization Signal Dataset for Early Disease Detection/Poultry Vocalization Signal Dataset for Early Disease Detection/Chicken_Audio_Dataset/Healthy/61.wav,61.wav,Healthy,Healthy,NORMAL,64.4855,48000,1,.wav,6190834,8d557c71c965904bd0efc967952a1e61c0fb1a62049f56c9699d24e9a3897bb8,Healthy_61,VALID
Poultry Vocalization Signal Dataset for Early Disease Detection/Poultry Vocalization Signal Dataset for Early Disease Detection/Chicken_Audio_Dataset/Healthy/62.wav,62.wav,Healthy,Healthy,NORMAL,21.2423,48000,1,.wav,2039486,45b6943d47b1b0833db2725e3ded03021049ae406efe85fbe815380e8d049193,Healthy_62,VALID
Poultry Vocalization Signal Dataset for Early Disease Detection/Poultry Vocalization Signal Dataset for Early Disease Detection/Chicken_Audio_Dataset/Healthy/63.wav,63.wav,Healthy,Healthy,NORMAL,21.2423,48000,1,.wav,2039484,8c920254cff7baad653a677dfdccd87b5c5498d5a9e946c23f81b22be65d0def,Healthy_63,VALID
Poultry Vocalization Signal Dataset for Early Disease Detection/Poultry Vocalization Signal Dataset for Early Disease Detection/Chicken_Audio_Dataset/Healthy/64.wav,64.wav,Healthy,Healthy,NORMAL,7.5865,48000,1,.wav,728530,dcac923b875215470ed82ea54c52a982321f6f5988a8070a22fc17372820c45d,Healthy_64,VALID
Poultry Vocalization Signal Dataset for Early Disease Detection/Poultry Vocalization Signal Dataset for Early Disease Detection/Chicken_Audio_Dataset/Healthy/65.wav,65.wav,Healthy,Healthy,NORMAL,34.1394,48000,1,.wav,3277606,d0b0b89f81b2acd14564ba2053c1595aec12f0f4ea9d50be4b316a3eefe31a33,Healthy_65,VALID
Poultry Vocalization Signal Dataset for Early Disease Detection/Poultry Vocalization Signal Dataset for Early Disease Detection/Chicken_Audio_Dataset/Healthy/66.wav,66.wav,Healthy,Healthy,NORMAL,18.9663,48000,1,.wav,1820992,54e5428b6f737a9995645d143b7c7f76ddc2e6adc7812b140f5986e9eb385b19,Healthy_66,VALID
Poultry Vocalization Signal Dataset for Early Disease Detection/Poultry Vocalization Signal Dataset for Early Disease Detection/Chicken_Audio_Dataset/Healthy/67.wav,67.wav,Healthy,Healthy,NORMAL,17.449,48000,1,.wav,1675332,0004af94355177023c097d02a6cec4a4362d52696669f75d3d183381d35cc6c6,Healthy_67,VALID
Poultry Vocalization Signal Dataset for Early Disease Detection/Poultry Vocalization Signal Dataset for Early Disease Detection/Chicken_Audio_Dataset/Healthy/68.wav,68.wav,Healthy,Healthy,NORMAL,9.1039,48000,1,.wav,874194,9e106965e5100f3ed9311468c435210680490be88d6c444b102d89028aed277b,Healthy_68,VALID
Poultry Vocalization Signal Dataset for Early Disease Detection/Poultry Vocalization Signal Dataset for Early Disease Detection/Chicken_Audio_Dataset/Healthy/69.wav,69.wav,Healthy,Healthy,NORMAL,11.3798,48000,1,.wav,1092686,cd9a302cc2ac3acfa8893f9b7c2f889c00f04cf7c21a9328e7bbc6fa6a6d3777,Healthy_69,VALID
Poultry Vocalization Signal Dataset for Early Disease Detection/Poultry Vocalization Signal Dataset for Early Disease Detection/Chicken_Audio_Dataset/Healthy/7.wav,7.wav,Healthy,Healthy,NORMAL,7.2187,48000,1,.wav,693226,ee0d1c8ecea3498be6fa8ff3a4639f91441a82cabe7aefef25cbe7341d06356e,Healthy_7,VALID
Poultry Vocalization Signal Dataset for Early Disease Detection/Poultry Vocalization Signal Dataset for Early Disease Detection/Chicken_Audio_Dataset/Healthy/70.wav,70.wav,Healthy,Healthy,NORMAL,22.0009,48000,1,.wav,2112314,1cf1d0b45370edf06dca63adfbb502ad0b6c86363603737f4f20cc727a5b0085,Healthy_70,VALID
Poultry Vocalization Signal Dataset for Early Disease Detection/Poultry Vocalization Signal Dataset for Early Disease Detection/Chicken_Audio_Dataset/Healthy/71.wav,71.wav,Healthy,Healthy,NORMAL,90.5175,48000,1,.wav,8689906,3fcb869fedd2b85d525d7a9184c9fb28b6c72fca5babfc4fbbde46662f7ee5bf,Healthy_71,VALID
Poultry Vocalization Signal Dataset for Early Disease Detection/Poultry Vocalization Signal Dataset for Early Disease Detection/Chicken_Audio_Dataset/Healthy/72.wav,72.wav,Healthy,Healthy,NORMAL,15.213,48000,1,.wav,1460678,a20cd6f3ba6e5cf22df567bc3fa5ccc987ade0614b5aff2e78ec4f58bb05734f,Healthy_72,VALID
Poultry Vocalization Signal Dataset for Early Disease Detection/Poultry Vocalization Signal Dataset for Early Disease Detection/Chicken_Audio_Dataset/Healthy/73.wav,73.wav,Healthy,Healthy,NORMAL,24.3408,48000,1,.wav,2336948,9a085a87c1861782420751b85d49912fd2d378bb47349c2628612f8627907ed6,Healthy_73,VALID
Poultry Vocalization Signal Dataset for Early Disease Detection/Poultry Vocalization Signal Dataset for Early Disease Detection/Chicken_Audio_Dataset/Healthy/74.wav,74.wav,Healthy,Healthy,NORMAL,15.213,48000,1,.wav,1460678,5ee679706ff998039c367bf1e14d076bac40cf526b7375cbd459daca7c3c0c73,Healthy_74,VALID
Poultry Vocalization Signal Dataset for Early Disease Detection/Poultry Vocalization Signal Dataset for Early Disease Detection/Chicken_Audio_Dataset/Healthy/75.wav,75.wav,Healthy,Healthy,NORMAL,31.9474,48000,1,.wav,3067174,3cace5adb79e280f03acf8f308fb392b286c8c2de15b516e240f994afd5bfa89,Healthy_75,VALID
Poultry Vocalization Signal Dataset for Early Disease Detection/Poultry Vocalization Signal Dataset for Early Disease Detection/Chicken_Audio_Dataset/Healthy/76.wav,76.wav,Healthy,Healthy,NORMAL,19.0163,48000,1,.wav,1825790,a7dc1e8bd8950cfc14550e6858b7f5facd10756d522c09fd31378316f3a95020,Healthy_76,VALID
Poultry Vocalization Signal Dataset for Early Disease Detection/Poultry Vocalization Signal Dataset for Early Disease Detection/Chicken_Audio_Dataset/Healthy/77.wav,77.wav,Healthy,Healthy,NORMAL,15.9737,48000,1,.wav,1533700,16ee0c4d6597c1d1711bb021cd92b07ca27f65409951d97239284d9263653423,Healthy_77,VALID
Poultry Vocalization Signal Dataset for Early Disease Detection/Poultry Vocalization Signal Dataset for Early Disease Detection/Chicken_Audio_Dataset/Healthy/78.wav,78.wav,Healthy,Healthy,NORMAL,11.4098,48000,1,.wav,1095566,3abeeaf9867b1a1c3e8394ccac3b01c8f8a1f579b5f04bfaf4abec7381265059,Healthy_78,VALID
Poultry Vocalization Signal Dataset for Early Disease Detection/Poultry Vocalization Signal Dataset for Early Disease Detection/Chicken_Audio_Dataset/Healthy/79.wav,79.wav,Healthy,Healthy,NORMAL,6.8459,48000,1,.wav,657430,d25e1a6ed1c42bba5c6c76afb3b26ea4ae3b3146bf40659fc1c70c32b5ac6da6,Healthy_79,VALID
Poultry Vocalization Signal Dataset for Early Disease Detection/Poultry Vocalization Signal Dataset for Early Disease Detection/Chicken_Audio_Dataset/Healthy/8.wav,8.wav,Healthy,Healthy,NORMAL,25.2656,48000,1,.wav,2425724,93bbe018b4731c67452b9cf7b0cab05155b7e6a863344f2a46db2bef5716ed14,Healthy_8,VALID
Poultry Vocalization Signal Dataset for Early Disease Detection/Poultry Vocalization Signal Dataset for Early Disease Detection/Chicken_Audio_Dataset/Healthy/80.wav,80.wav,Healthy,Healthy,NORMAL,6.0852,48000,1,.wav,584408,2445ee854cbaa6c01ed31c9385ae1fa636d4dd8bc5546e65fba8b5f9b6cf47a3,Healthy_80,VALID
Poultry Vocalization Signal Dataset for Early Disease Detection/Poultry Vocalization Signal Dataset for Early Disease Detection/Chicken_Audio_Dataset/Healthy/81.wav,81.wav,Healthy,Healthy,NORMAL,14.4524,48000,1,.wav,1387654,e53ea8fa842c080d72d55da9c6dfde1271df49a905481b1b1da567be36fd9194,Healthy_81,VALID
Poultry Vocalization Signal Dataset for Early Disease Detection/Poultry Vocalization Signal Dataset for Early Disease Detection/Chicken_Audio_Dataset/Healthy/82.wav,82.wav,Healthy,Healthy,NORMAL,12.9311,48000,1,.wav,1241610,e5edce41745ed53ea8a54f5043804af9d634e04ce560f79b34a33db00a17e848,Healthy_82,VALID
Poultry Vocalization Signal Dataset for Early Disease Detection/Poultry Vocalization Signal Dataset for Early Disease Detection/Chicken_Audio_Dataset/Healthy/83.wav,83.wav,Healthy,Healthy,NORMAL,11.4098,48000,1,.wav,1095566,082af4f66b1a482a7aeabb8203308fd9071506d78207a6c10007c5add34d16eb,Healthy_83,VALID
Poultry Vocalization Signal Dataset for Early Disease Detection/Poultry Vocalization Signal Dataset for Early Disease Detection/Chicken_Audio_Dataset/Healthy/84.wav,84.wav,Healthy,Healthy,NORMAL,25.8621,48000,1,.wav,2482994,f6eb0a2dc840dbd61ec0083fe3e322f2741b636883de36c1c530d106550ef122,Healthy_84,VALID
Poultry Vocalization Signal Dataset for Early Disease Detection/Poultry Vocalization Signal Dataset for Early Disease Detection/Chicken_Audio_Dataset/Healthy/85.wav,85.wav,Healthy,Healthy,NORMAL,35.7506,48000,1,.wav,3432286,f0c40c34e8398ef7d377cbd9e7f000fc18956323b8a687d4085c9f7bd3977efb,Healthy_85,VALID
Poultry Vocalization Signal Dataset for Early Disease Detection/Poultry Vocalization Signal Dataset for Early Disease Detection/Chicken_Audio_Dataset/Healthy/86.wav,86.wav,Healthy,Healthy,NORMAL,16.7343,48000,1,.wav,1606722,079cbd86142eff822d7f11a0d8c6cf1397612a3e4b09cb81922d02166794f19d,Healthy_86,VALID
Poultry Vocalization Signal Dataset for Early Disease Detection/Poultry Vocalization Signal Dataset for Early Disease Detection/Chicken_Audio_Dataset/Healthy/87.wav,87.wav,Healthy,Healthy,NORMAL,9.8885,48000,1,.wav,949520,c0d18aef1056cd590a8def375eb652c14f11762c325f03eac2001a99a7e159fd,Healthy_87,VALID
Poultry Vocalization Signal Dataset for Early Disease Detection/Poultry Vocalization Signal Dataset for Early Disease Detection/Chicken_Audio_Dataset/Healthy/88.wav,88.wav,Healthy,Healthy,NORMAL,41.5464,48000,1,.wav,3988682,0e558530c87a796fe0cc53def2e5143e3e86ecf6a3bee1f513b5f700452258b1,Healthy_88,VALID
Poultry Vocalization Signal Dataset for Early Disease Detection/Poultry Vocalization Signal Dataset for Early Disease Detection/Chicken_Audio_Dataset/Healthy/89.wav,89.wav,Healthy,Healthy,NORMAL,27.9494,48000,1,.wav,2683370,5c7c37679b7e2563fc8f7a554d4717f839ac35e3113af7bcb114a249ef7d70b6,Healthy_89,VALID
Poultry Vocalization Signal Dataset for Early Disease Detection/Poultry Vocalization Signal Dataset for Early Disease Detection/Chicken_Audio_Dataset/Healthy/9.wav,9.wav,Healthy,Healthy,NORMAL,15.3398,48000,1,.wav,1472850,45042f2b9287d2159c95c9d0e9c4df600fc560659f34b705265816ed25affc1a,Healthy_9,VALID
Poultry Vocalization Signal Dataset for Early Disease Detection/Poultry Vocalization Signal Dataset for Early Disease Detection/Chicken_Audio_Dataset/Healthy/90.wav,90.wav,Healthy,Healthy,NORMAL,23.4171,48000,1,.wav,2248266,9cbf65666de440f6328a449cb2196f58bd7f350580c2d0eb11940346768eff92,Healthy_90,VALID
Poultry Vocalization Signal Dataset for Early Disease Detection/Poultry Vocalization Signal Dataset for Early Disease Detection/Chicken_Audio_Dataset/Healthy/91.wav,91.wav,Healthy,Healthy,NORMAL,23.4171,48000,1,.wav,2248266,076658966fd189b70fa4c3aacefe5014e181f0b98d9d5ac7d499a99543727b34,Healthy_91,VALID
Poultry Vocalization Signal Dataset for Early Disease Detection/Poultry Vocalization Signal Dataset for Early Disease Detection/Chicken_Audio_Dataset/Healthy/92.wav,92.wav,Healthy,Healthy,NORMAL,8.3093,48000,1,.wav,797920,a65ffe0cb12cc6d8f6ee775299effec46016b257c571359a36876281731d8c1b,Healthy_92,VALID
Poultry Vocalization Signal Dataset for Early Disease Detection/Poultry Vocalization Signal Dataset for Early Disease Detection/Chicken_Audio_Dataset/Healthy/93.wav,93.wav,Healthy,Healthy,NORMAL,40.0356,48000,1,.wav,3843648,3bb8c8df9f901cd2c618f784b77462c2d7ed0338423498bac87c295e37f71555,Healthy_93,VALID
Poultry Vocalization Signal Dataset for Early Disease Detection/Poultry Vocalization Signal Dataset for Early Disease Detection/Chicken_Audio_Dataset/Healthy/94.wav,94.wav,Healthy,Healthy,NORMAL,66.4742,48000,1,.wav,6381756,c4d21cb12cafdeb7e1563381c6938c4b92d586929371531bd4f8ca57300073ae,Healthy_94,VALID
Poultry Vocalization Signal Dataset for Early Disease Detection/Poultry Vocalization Signal Dataset for Early Disease Detection/Chicken_Audio_Dataset/Healthy/95.wav,95.wav,Healthy,Healthy,NORMAL,38.5249,48000,1,.wav,3698614,bced410da25f6451bb14ce33e3ca7bb919583c22ba26aa06fc9baf7b15198233,Healthy_95,VALID
Poultry Vocalization Signal Dataset for Early Disease Detection/Poultry Vocalization Signal Dataset for Early Disease Detection/Chicken_Audio_Dataset/Healthy/96.wav,96.wav,Healthy,Healthy,NORMAL,9.0647,48000,1,.wav,870436,446107ec706a4c3ad63c083eb591ff67d9e29a4453ea6ff571d2d8dc656339aa,Healthy_96,VALID
Poultry Vocalization Signal Dataset for Early Disease Detection/Poultry Vocalization Signal Dataset for Early Disease Detection/Chicken_Audio_Dataset/Healthy/97.wav,97.wav,Healthy,Healthy,NORMAL,46.8341,48000,1,.wav,4496304,146394fa94e5a0a81285ea88855f3bc0773e306f0f8fe4b80889cded67f99d59,Healthy_97,VALID
Poultry Vocalization Signal Dataset for Early Disease Detection/Poultry Vocalization Signal Dataset for Early Disease Detection/Chicken_Audio_Dataset/Healthy/98.wav,98.wav,Healthy,Healthy,NORMAL,15.8632,48000,1,.wav,1523092,cba48e5e2c88ccf06b9a9a81557e54668b8aae333660622163da651414e0a135,Healthy_98,VALID
Poultry Vocalization Signal Dataset for Early Disease Detection/Poultry Vocalization Signal Dataset for Early Disease Detection/Chicken_Audio_Dataset/Healthy/99.wav,99.wav,Healthy,Healthy,NORMAL,27.9494,48000,1,.wav,2683370,0c9004e391b380662db6970601328e690d26bbeb88d436ea305bf5e6ebfe2a0c,Healthy_99,VALID
Poultry Vocalization Signal Dataset for Early Disease Detection/Poultry Vocalization Signal Dataset for Early Disease Detection/Chicken_Audio_Dataset/Noise/1.wav,1.wav,Noise,Noise,NOISE,2.0879,48000,1,.wav,200662,122d18f0d473eccbd60f42e85529914da860949bfd3099357c054a4c94b88c2a,Noise_1,VALID
Poultry Vocalization Signal Dataset for Early Disease Detection/Poultry Vocalization Signal Dataset for Early Disease Detection/Chicken_Audio_Dataset/Noise/10.wav,10.wav,Noise,Noise,NOISE,48.6872,48000,1,.wav,4674196,ea1331100389991f7e09139ca4e23e386380ff7d03ec41ca735c1087037c81cd,Noise_10,VALID
Poultry Vocalization Signal Dataset for Early Disease Detection/Poultry Vocalization Signal Dataset for Early Disease Detection/Chicken_Audio_Dataset/Noise/11.wav,11.wav,Noise,Noise,NOISE,61.6359,48000,1,.wav,5917274,28b879945b07029ae0d8fe6eb2bf4f324b795bee93afb0f1970098a6ab99c5b7,Noise_11,VALID
Poultry Vocalization Signal Dataset for Early Disease Detection/Poultry Vocalization Signal Dataset for Early Disease Detection/Chicken_Audio_Dataset/Noise/12.wav,12.wav,Noise,Noise,NOISE,42.9898,48000,1,.wav,4127242,1368cb00bcde34899e4801683f969301bcc906692434e35c1fa29023bb708342,Noise_12,VALID
Poultry Vocalization Signal Dataset for Early Disease Detection/Poultry Vocalization Signal Dataset for Early Disease Detection/Chicken_Audio_Dataset/Noise/13.wav,13.wav,Noise,Noise,NOISE,42.4718,48000,1,.wav,4077518,48cadab081b6c996ff51c66268dc5380dcc55c10cb9192233ce463f2c31daf2f,Noise_13,VALID
Poultry Vocalization Signal Dataset for Early Disease Detection/Poultry Vocalization Signal Dataset for Early Disease Detection/Chicken_Audio_Dataset/Noise/14.wav,14.wav,Noise,Noise,NOISE,69.4051,48000,1,.wav,6663118,143af3cf277392913ea0143a374d10c4e2f81022b68a9cd8195c157118b89178,Noise_14,VALID
Poultry Vocalization Signal Dataset for Early Disease Detection/Poultry Vocalization Signal Dataset for Early Disease Detection/Chicken_Audio_Dataset/Noise/15.wav,15.wav,Noise,Noise,NOISE,59.5641,48000,1,.wav,5718380,eb7259024df76010edbe6198577ab98aee3033226990c42ff94ba2eddf66c5d7,Noise_15,VALID
Poultry Vocalization Signal Dataset for Early Disease Detection/Poultry Vocalization Signal Dataset for Early Disease Detection/Chicken_Audio_Dataset/Noise/16.wav,16.wav,Noise,Noise,NOISE,58.0103,48000,1,.wav,5569212,465b402626373fa9c5738d933361b40dcd09ba7ae9cb1a834cb852f50258d5fd,Noise_16,VALID
Poultry Vocalization Signal Dataset for Early Disease Detection/Poultry Vocalization Signal Dataset for Early Disease Detection/Chicken_Audio_Dataset/Noise/17.wav,17.wav,Noise,Noise,NOISE,37.2923,48000,1,.wav,3580288,8988aea990f069eac684a23ceb31156bb2ef0968930fc2dfd101b427151942d5,Noise_17,VALID
Poultry Vocalization Signal Dataset for Early Disease Detection/Poultry Vocalization Signal Dataset for Early Disease Detection/Chicken_Audio_Dataset/Noise/18.wav,18.wav,Noise,Noise,NOISE,52.8308,48000,1,.wav,5071980,530c666f6034fe9e1710c5c672ce01e4579df8c403a59bb25caac55de8ad78e6,Noise_18,VALID
Poultry Vocalization Signal Dataset for Early Disease Detection/Poultry Vocalization Signal Dataset for Early Disease Detection/Chicken_Audio_Dataset/Noise/19.wav,19.wav,Noise,Noise,NOISE,32.128,48000,1,.wav,3084508,cf4161afeda3da516d0f1de7b2ceb16d95b477c7d40a6f832d4ce55e067546fa,Noise_19,VALID
Poultry Vocalization Signal Dataset for Early Disease Detection/Poultry Vocalization Signal Dataset for Early Disease Detection/Chicken_Audio_Dataset/Noise/2.wav,2.wav,Noise,Noise,NOISE,4.704,48000,1,.wav,451814,7bb9a5bf480273ee08dfe0b275263af7535f134c44527fb8a0040a698830765c,Noise_2,VALID
Poultry Vocalization Signal Dataset for Early Disease Detection/Poultry Vocalization Signal Dataset for Early Disease Detection/Chicken_Audio_Dataset/Noise/20.wav,20.wav,Noise,Noise,NOISE,67.3651,48000,1,.wav,6467270,5332eb72c52c9a6fd86f22e73b2ca17217c31437f982b07952a7c93fc0bd24c2,Noise_20,VALID
Poultry Vocalization Signal Dataset for Early Disease Detection/Poultry Vocalization Signal Dataset for Early Disease Detection/Chicken_Audio_Dataset/Noise/21.wav,21.wav,Noise,Noise,NOISE,30.5734,48000,1,.wav,2935268,bf60897133a91b9fcd739fbc0f3f350166e502b67f31dba28291ca5eb037a3ef,Noise_21,VALID
Poultry Vocalization Signal Dataset for Early Disease Detection/Poultry Vocalization Signal Dataset for Early Disease Detection/Chicken_Audio_Dataset/Noise/22.wav,22.wav,Noise,Noise,NOISE,35.7553,48000,1,.wav,3432732,7038041c19169b239f2c39e9e675b7cdf04e79c0f9ce17c760adcff6acd0f4a6,Noise_22,VALID
Poultry Vocalization Signal Dataset for Early Disease Detection/Poultry Vocalization Signal Dataset for Early Disease Detection/Chicken_Audio_Dataset/Noise/23.wav,23.wav,Noise,Noise,NOISE,41.4554,48000,1,.wav,3979944,41faa14cec94998eebc7a2b0d5997a1b9b855fdae5bd76e4d9f7b8e4e3490e4b,Noise_23,VALID
Poultry Vocalization Signal Dataset for Early Disease Detection/Poultry Vocalization Signal Dataset for Early Disease Detection/Chicken_Audio_Dataset/Noise/24.wav,24.wav,Noise,Noise,NOISE,27.4642,48000,1,.wav,2636790,85af91b613b79582f5417c470d4786af1004f04678a0431a59c0a82c37d3aa6b,Noise_24,VALID
Poultry Vocalization Signal Dataset for Early Disease Detection/Poultry Vocalization Signal Dataset for Early Disease Detection/Chicken_Audio_Dataset/Noise/25.wav,25.wav,Noise,Noise,NOISE,23.3187,48000,1,.wav,2238818,85e9f254282584cae09b6653e459c45b523d97cb21f9d4e9aae9f355e7098484,Noise_25,VALID
Poultry Vocalization Signal Dataset for Early Disease Detection/Poultry Vocalization Signal Dataset for Early Disease Detection/Chicken_Audio_Dataset/Noise/26.wav,26.wav,Noise,Noise,NOISE,26.4278,48000,1,.wav,2537296,243aba55779996889ac65a4ff8a08ebbed1987837412deae7b48360e269ea734,Noise_26,VALID
Poultry Vocalization Signal Dataset for Early Disease Detection/Poultry Vocalization Signal Dataset for Early Disease Detection/Chicken_Audio_Dataset/Noise/27.wav,27.wav,Noise,Noise,NOISE,36.2735,48000,1,.wav,3482480,59db477ec3cc29caaa4f8cefade809988d9e904e926997674b8213d57a054c8a,Noise_27,VALID
Poultry Vocalization Signal Dataset for Early Disease Detection/Poultry Vocalization Signal Dataset for Early Disease Detection/Chicken_Audio_Dataset/Noise/28.wav,28.wav,Noise,Noise,NOISE,38.6249,48000,1,.wav,3708220,067498409180b8f50116d79e6804b41e9b985ceec6d2a5129af68b614028d9f9,Noise_28,VALID
Poultry Vocalization Signal Dataset for Early Disease Detection/Poultry Vocalization Signal Dataset for Early Disease Detection/Chicken_Audio_Dataset/Noise/29.wav,29.wav,Noise,Noise,NOISE,7.725,48000,1,.wav,741826,159cfa21e1794dc9f83b4d3f89c96c076c6c21150bc9bd7764f36fe27a75502e,Noise_29,VALID
Poultry Vocalization Signal Dataset for Early Disease Detection/Poultry Vocalization Signal Dataset for Early Disease Detection/Chicken_Audio_Dataset/Noise/3.wav,3.wav,Noise,Noise,NOISE,4.9296,48000,1,.wav,473466,4a73d3c11e2d5580105064303646a838e3c99edabfd9498985ca39a10835bd5a,Noise_3,VALID
Poultry Vocalization Signal Dataset for Early Disease Detection/Poultry Vocalization Signal Dataset for Early Disease Detection/Chicken_Audio_Dataset/Noise/30.wav,30.wav,Noise,Noise,NOISE,13.39,48000,1,.wav,1285666,a18d7262dc863a4679550188db2558b2567c8827bc2d14419f1fff7166b9cda2,Noise_30,VALID
Poultry Vocalization Signal Dataset for Early Disease Detection/Poultry Vocalization Signal Dataset for Early Disease Detection/Chicken_Audio_Dataset/Noise/31.wav,31.wav,Noise,Noise,NOISE,9.785,48000,1,.wav,939586,6560921c729870f69b0f9044d72c493fccd564411972fb8d62e1fdacd6672584,Noise_31,VALID
Poultry Vocalization Signal Dataset for Early Disease Detection/Poultry Vocalization Signal Dataset for Early Disease Detection/Chicken_Audio_Dataset/Noise/32.wav,32.wav,Noise,Noise,NOISE,19.055,48000,1,.wav,1829504,cedb8ae8589f4884b0fc25c1e0cc28a919d3641aa3e2758deed27e7c47de8d4a,Noise_32,VALID
Poultry Vocalization Signal Dataset for Early Disease Detection/Poultry Vocalization Signal Dataset for Early Disease Detection/Chicken_Audio_Dataset/Noise/33.wav,33.wav,Noise,Noise,NOISE,4.635,48000,1,.wav,445186,fbc7c81b5d2e5c987644185594104d45804bd29d63e72148e8bc527bc6b4f4c7,Noise_33,VALID
Poultry Vocalization Signal Dataset for Early Disease Detection/Poultry Vocalization Signal Dataset for Early Disease Detection/Chicken_Audio_Dataset/Noise/34.wav,34.wav,Noise,Noise,NOISE,28.915,48000,1,.wav,2776070,859da4582b40ac6e24a7d0405602427787739c6890c627bc3dc67032786b956f,Noise_34,VALID
Poultry Vocalization Signal Dataset for Early Disease Detection/Poultry Vocalization Signal Dataset for Early Disease Detection/Chicken_Audio_Dataset/Noise/35.wav,35.wav,Noise,Noise,NOISE,86.4869,48000,1,.wav,8302972,6ac8a6683e593db6949f0550740b55dcb5b8a111ab6e037ed5139a68a9c5ab98,Noise_35,VALID
Poultry Vocalization Signal Dataset for Early Disease Detection/Poultry Vocalization Signal Dataset for Early Disease Detection/Chicken_Audio_Dataset/Noise/36.wav,36.wav,Noise,Noise,NOISE,14.1994,48000,1,.wav,1363366,5e6f081376091f600142e28204056324172589581ac39a1d86b24ab86332107a,Noise_36,VALID
Poultry Vocalization Signal Dataset for Early Disease Detection/Poultry Vocalization Signal Dataset for Early Disease Detection/Chicken_Audio_Dataset/Noise/37.wav,37.wav,Noise,Noise,NOISE,20.1789,48000,1,.wav,1937404,eddd6f19e90450c8c3fcfe9e73e5979a8a23b616909786925c3a0ebc75470f01,Noise_37,VALID
Poultry Vocalization Signal Dataset for Early Disease Detection/Poultry Vocalization Signal Dataset for Early Disease Detection/Chicken_Audio_Dataset/Noise/38.wav,38.wav,Noise,Noise,NOISE,19.6631,48000,1,.wav,1887890,490f96fc29808d3165ec8ac74f59413c20373d52a231ba3afe8d4442c0e53c7b,Noise_38,VALID
Poultry Vocalization Signal Dataset for Early Disease Detection/Poultry Vocalization Signal Dataset for Early Disease Detection/Chicken_Audio_Dataset/Noise/39.wav,39.wav,Noise,Noise,NOISE,82.2629,48000,1,.wav,7897462,d89e4360fe5001d43d00f1d2a48899197b70a9b326bdf92f77b4bd7baeed3248,Noise_39,VALID
Poultry Vocalization Signal Dataset for Early Disease Detection/Poultry Vocalization Signal Dataset for Early Disease Detection/Chicken_Audio_Dataset/Noise/4.wav,4.wav,Noise,Noise,NOISE,1.6901,48000,1,.wav,162476,6749713fecb501cd70d377fc2ed754b642355422f4bd18f3f58d8b5f30c2db1c,Noise_4,VALID
Poultry Vocalization Signal Dataset for Early Disease Detection/Poultry Vocalization Signal Dataset for Early Disease Detection/Chicken_Audio_Dataset/Noise/40.wav,40.wav,Noise,Noise,NOISE,34.5556,48000,1,.wav,3317562,c550ed5cfb04f351ce9d311566f3ffe5089a2313fea15c74b246846471f3e641,Noise_40,VALID
Poultry Vocalization Signal Dataset for Early Disease Detection/Poultry Vocalization Signal Dataset for Early Disease Detection/Chicken_Audio_Dataset/Noise/41.wav,41.wav,Noise,Noise,NOISE,64.2115,48000,1,.wav,6164528,d56f9e7709883f1bbc4487f33b3affc384df0fdbe20da2ce11551af70f2d3616,Noise_41,VALID
Poultry Vocalization Signal Dataset for Early Disease Detection/Poultry Vocalization Signal Dataset for Early Disease Detection/Chicken_Audio_Dataset/Noise/42.wav,42.wav,Noise,Noise,NOISE,41.5183,48000,1,.wav,3985980,9273c4606d0315577e97651744fb29e5a6ce1b277bc96b4b96a4998ca2f56ddb,Noise_42,VALID
Poultry Vocalization Signal Dataset for Early Disease Detection/Poultry Vocalization Signal Dataset for Early Disease Detection/Chicken_Audio_Dataset/Noise/43.wav,43.wav,Noise,Noise,NOISE,29.6559,48000,1,.wav,2847194,9e3b02e6591b39278150af69990bf89bd0c76a6379c2b2473ba789ec509d30c1,Noise_43,VALID
Poultry Vocalization Signal Dataset for Early Disease Detection/Poultry Vocalization Signal Dataset for Early Disease Detection/Chicken_Audio_Dataset/Noise/44.wav,44.wav,Noise,Noise,NOISE,55.9594,48000,1,.wav,5372330,391b944cfff79868f770936f3e7feef9a4f54c323630c604d555c234640c874a,Noise_44,VALID
Poultry Vocalization Signal Dataset for Early Disease Detection/Poultry Vocalization Signal Dataset for Early Disease Detection/Chicken_Audio_Dataset/Noise/45.wav,45.wav,Noise,Noise,NOISE,52.3491,48000,1,.wav,5025742,3b77a65152ae60f0484ae9f0070e19fc6963c1f4b98c3445612516934caf29a1,Noise_45,VALID
Poultry Vocalization Signal Dataset for Early Disease Detection/Poultry Vocalization Signal Dataset for Early Disease Detection/Chicken_Audio_Dataset/Noise/46.wav,46.wav,Noise,Noise,NOISE,34.2977,48000,1,.wav,3292806,f4490bfaf9bfdcc35d0c77e895c3657ee1ae32796aac74c596bd4e72f14f3429,Noise_46,VALID
Poultry Vocalization Signal Dataset for Early Disease Detection/Poultry Vocalization Signal Dataset for Early Disease Detection/Chicken_Audio_Dataset/Noise/47.wav,47.wav,Noise,Noise,NOISE,32.3636,48000,1,.wav,3107136,ccf0e97b77d5b865ce2a0220a405d041a2a9f03196cf88686a6d12d1758687dd,Noise_47,VALID
Poultry Vocalization Signal Dataset for Early Disease Detection/Poultry Vocalization Signal Dataset for Early Disease Detection/Chicken_Audio_Dataset/Noise/48.wav,48.wav,Noise,Noise,NOISE,47.3205,48000,1,.wav,4542996,abc2ca2d4983baac62e8dba8c93e766d2da3b3ff3c1b36ce038188c8ca3af5c3,Noise_48,VALID
Poultry Vocalization Signal Dataset for Early Disease Detection/Poultry Vocalization Signal Dataset for Early Disease Detection/Chicken_Audio_Dataset/Noise/49.wav,49.wav,Noise,Noise,NOISE,30.9206,48000,1,.wav,2968608,e80996f3e2be7192c21df049e6086012ce80b566308e73e8871aaf2741ee31eb,Noise_49,VALID
Poultry Vocalization Signal Dataset for Early Disease Detection/Poultry Vocalization Signal Dataset for Early Disease Detection/Chicken_Audio_Dataset/Noise/5.wav,5.wav,Noise,Noise,NOISE,104.0445,48000,1,.wav,9988504,1770d68861ed8a3a14963a9556549478a75a3d2029d7debddf0e30d0d48b4896,Noise_5,VALID
Poultry Vocalization Signal Dataset for Early Disease Detection/Poultry Vocalization Signal Dataset for Early Disease Detection/Chicken_Audio_Dataset/Noise/50.wav,50.wav,Noise,Noise,NOISE,26.2063,48000,1,.wav,2516030,5609529cb504c654e08074916cfc1c83514727bbcea47fd8fd50400ecd59f80f,Noise_50,VALID
Poultry Vocalization Signal Dataset for Early Disease Detection/Poultry Vocalization Signal Dataset for Early Disease Detection/Chicken_Audio_Dataset/Noise/51.wav,51.wav,Noise,Noise,NOISE,2.6345,48000,1,.wav,253140,dee81dc77287ea43712a77c4df3754ebe482078db5bf4d2a7272fc84ef2496bc,Noise_51,VALID
Poultry Vocalization Signal Dataset for Early Disease Detection/Poultry Vocalization Signal Dataset for Early Disease Detection/Chicken_Audio_Dataset/Noise/52.wav,52.wav,Noise,Noise,NOISE,7.7648,48000,1,.wav,745650,298e3a8bd8244b2fc8b1fda4f2c09e938fab2e47322ae023360804c5c475cb28,Noise_52,VALID
Poultry Vocalization Signal Dataset for Early Disease Detection/Poultry Vocalization Signal Dataset for Early Disease Detection/Chicken_Audio_Dataset/Noise/53.wav,53.wav,Noise,Noise,NOISE,7.4875,48000,1,.wav,719028,cbf4f3efff5a42e10a73d9a15f5149759ea7afdcc46daec91e0a8912e8c6ea3e,Noise_53,VALID
Poultry Vocalization Signal Dataset for Early Disease Detection/Poultry Vocalization Signal Dataset for Early Disease Detection/Chicken_Audio_Dataset/Noise/54.wav,54.wav,Noise,Noise,NOISE,18.5801,48000,1,.wav,1783918,56cd2fb4866ca439b016a492e495f14214a257fa29141c74f35400a3d78e16a5,Noise_54,VALID
Poultry Vocalization Signal Dataset for Early Disease Detection/Poultry Vocalization Signal Dataset for Early Disease Detection/Chicken_Audio_Dataset/Noise/55.wav,55.wav,Noise,Noise,NOISE,32.8618,48000,1,.wav,3154964,1d9b76b9a7424cc0081e0c2fce858a61217e5746976ee0865b6a3b75da33d0bb,Noise_55,VALID
Poultry Vocalization Signal Dataset for Early Disease Detection/Poultry Vocalization Signal Dataset for Early Disease Detection/Chicken_Audio_Dataset/Noise/56.wav,56.wav,Noise,Noise,NOISE,27.0382,48000,1,.wav,2595898,3e643a55a954a0c233999c68cde8240b1d9f922ce5efcc49571237d5eeebe38b,Noise_56,VALID
Poultry Vocalization Signal Dataset for Early Disease Detection/Poultry Vocalization Signal Dataset for Early Disease Detection/Chicken_Audio_Dataset/Noise/57.wav,57.wav,Noise,Noise,NOISE,18.5801,48000,1,.wav,1783920,93dca857a63f92d589af69c757d19f15477e0b72eeace2a1ca1fd1ebd491a241,Noise_57,VALID
Poultry Vocalization Signal Dataset for Early Disease Detection/Poultry Vocalization Signal Dataset for Early Disease Detection/Chicken_Audio_Dataset/Noise/58.wav,58.wav,Noise,Noise,NOISE,30.366,48000,1,.wav,2915364,33b1c867a97bbd891474bb43a9422c5aee9daba1f827f551728495b91dd5a738,Noise_58,VALID
Poultry Vocalization Signal Dataset for Early Disease Detection/Poultry Vocalization Signal Dataset for Early Disease Detection/Chicken_Audio_Dataset/Noise/59.wav,59.wav,Noise,Noise,NOISE,52.2739,48000,1,.wav,5018522,bc87b024772a30803d4e0d77bf0479664a7d07e3be1e1d48abd7279237540511,Noise_59,VALID
Poultry Vocalization Signal Dataset for Early Disease Detection/Poultry Vocalization Signal Dataset for Early Disease Detection/Chicken_Audio_Dataset/Noise/6.wav,6.wav,Noise,Noise,NOISE,82.6691,48000,1,.wav,7936458,156c2dce46e88c1c95cc4ad6f21f56364530c58e0de4421330bfccd267968c78,Noise_6,VALID
Poultry Vocalization Signal Dataset for Early Disease Detection/Poultry Vocalization Signal Dataset for Early Disease Detection/Chicken_Audio_Dataset/Noise/60.wav,60.wav,Noise,Noise,NOISE,36.7443,48000,1,.wav,3527676,cd9767cf1aa079b44b15b0a7824b429337fef4598ce0dd2e876d44ae209535ab,Noise_60,VALID
Poultry Vocalization Signal Dataset for Early Disease Detection/Poultry Vocalization Signal Dataset for Early Disease Detection/Chicken_Audio_Dataset/Noise/61.wav,61.wav,Noise,Noise,NOISE,92.792,48000,1,.wav,8908256,e9ac1c5384595a6d13c51cbf2f335e6a100b14e980d6ed7c4b3f26129bf19026,Noise_61,VALID
Poultry Vocalization Signal Dataset for Early Disease Detection/Poultry Vocalization Signal Dataset for Early Disease Detection/Chicken_Audio_Dataset/Noise/62.wav,62.wav,Noise,Noise,NOISE,68.0474,48000,1,.wav,6532782,b6c4893f8f37237be6738b8ff03271248c20537a25f37d4fd745119d59441b07,Noise_62,VALID
Poultry Vocalization Signal Dataset for Early Disease Detection/Poultry Vocalization Signal Dataset for Early Disease Detection/Chicken_Audio_Dataset/Noise/63.wav,63.wav,Noise,Noise,NOISE,79.3887,48000,1,.wav,7621542,5ef68d35256f5443b3625a58ea26ef2cefab25b7f9e51b186e9ef31812f68831,Noise_63,VALID
Poultry Vocalization Signal Dataset for Early Disease Detection/Poultry Vocalization Signal Dataset for Early Disease Detection/Chicken_Audio_Dataset/Noise/64.wav,64.wav,Noise,Noise,NOISE,73.718,48000,1,.wav,7077160,9f27383e02d83b79446b7af9b78bec3175e654ce90390be205754b48d63b8fbc,Noise_64,VALID
Poultry Vocalization Signal Dataset for Early Disease Detection/Poultry Vocalization Signal Dataset for Early Disease Detection/Chicken_Audio_Dataset/Noise/65.wav,65.wav,Noise,Noise,NOISE,57.7372,48000,1,.wav,5543000,dad78efe4eb70945ccac2c731ca695805baba421d0d77e1e049edf8ac63740cb,Noise_65,VALID
Poultry Vocalization Signal Dataset for Early Disease Detection/Poultry Vocalization Signal Dataset for Early Disease Detection/Chicken_Audio_Dataset/Noise/66.wav,66.wav,Noise,Noise,NOISE,37.6323,48000,1,.wav,3612928,3d8e97da082f30f4dc53fdaed322fbd9d2b783e9b20a89ceb4fc3bb23e74fb86,Noise_66,VALID
Poultry Vocalization Signal Dataset for Early Disease Detection/Poultry Vocalization Signal Dataset for Early Disease Detection/Chicken_Audio_Dataset/Noise/67.wav,67.wav,Noise,Noise,NOISE,52.0666,48000,1,.wav,4998622,32ecb40d0e5b4e8d6b5516ff0387001bb5646b0ba9979e7d4b42024d765f2aa1,Noise_67,VALID
Poultry Vocalization Signal Dataset for Early Disease Detection/Poultry Vocalization Signal Dataset for Early Disease Detection/Chicken_Audio_Dataset/Noise/68.wav,68.wav,Noise,Noise,NOISE,59.2837,48000,1,.wav,5691468,ba9b8a1d8330a49c0209fb46fd0277eec0e3ce97d045028c531f38f0da214c36,Noise_68,VALID
Poultry Vocalization Signal Dataset for Early Disease Detection/Poultry Vocalization Signal Dataset for Early Disease Detection/Chicken_Audio_Dataset/Noise/69.wav,69.wav,Noise,Noise,NOISE,65.9854,48000,1,.wav,6334826,0d13b68a6f6a5200d27314378df588665fc67892b5ed3e6a13e9d2fd5f813cd6,Noise_69,VALID
Poultry Vocalization Signal Dataset for Early Disease Detection/Poultry Vocalization Signal Dataset for Early Disease Detection/Chicken_Audio_Dataset/Noise/7.wav,7.wav,Noise,Noise,NOISE,79.3211,48000,1,.wav,7615054,45fdfcf2b9278affc536c7052e436855e9e8fd0a6e3e35c5a9ba01539f28bc27,Noise_7,VALID
Poultry Vocalization Signal Dataset for Early Disease Detection/Poultry Vocalization Signal Dataset for Early Disease Detection/Chicken_Audio_Dataset/Noise/70.wav,70.wav,Noise,Noise,NOISE,90.2144,48000,1,.wav,8660810,52c2e45528407403a35828d710f6b19bc12c419c9e4c69909fe6e968676597b9,Noise_70,VALID
Poultry Vocalization Signal Dataset for Early Disease Detection/Poultry Vocalization Signal Dataset for Early Disease Detection/Chicken_Audio_Dataset/Noise/71.wav,71.wav,Noise,Noise,NOISE,2.7539,48000,1,.wav,264594,2b97d94717c95cbd10d0ceb25ceb3d3918dd8510997f0e389e44b75eb2ae4690,Noise_71,VALID
Poultry Vocalization Signal Dataset for Early Disease Detection/Poultry Vocalization Signal Dataset for Early Disease Detection/Chicken_Audio_Dataset/Noise/72.wav,72.wav,Noise,Noise,NOISE,6.1879,48000,1,.wav,594250,66cf44045206ff03a74c9995c0f12c17eb60fb1e1a4a9bb79d9b937f520e6183,Noise_72,VALID
Poultry Vocalization Signal Dataset for Early Disease Detection/Poultry Vocalization Signal Dataset for Early Disease Detection/Chicken_Audio_Dataset/Noise/73.wav,73.wav,Noise,Noise,NOISE,2.21,48000,1,.wav,212372,31ecd19e1e3d91130171b7c04dbf07de53c1882d32ed0952aaa537cac9730d4d,Noise_73,VALID
Poultry Vocalization Signal Dataset for Early Disease Detection/Poultry Vocalization Signal Dataset for Early Disease Detection/Chicken_Audio_Dataset/Noise/74.wav,74.wav,Noise,Noise,NOISE,6.0519,48000,1,.wav,581196,572ae19e6dc9092acce42bd5fe512e38a43d4d82ab5fd10cc64d5b2f8efc5c9c,Noise_74,VALID
Poultry Vocalization Signal Dataset for Early Disease Detection/Poultry Vocalization Signal Dataset for Early Disease Detection/Chicken_Audio_Dataset/Noise/75.wav,75.wav,Noise,Noise,NOISE,3.9439,48000,1,.wav,378832,bb86e81b1a409ae3ded82b3567d2bad2b89ce2ba95a535bc1746d1332d5f56f2,Noise_75,VALID
Poultry Vocalization Signal Dataset for Early Disease Detection/Poultry Vocalization Signal Dataset for Early Disease Detection/Chicken_Audio_Dataset/Noise/76.wav,76.wav,Noise,Noise,NOISE,27.2365,48000,1,.wav,2614840,b81dd67e3009a5f768fa2b4f137a5a97370131d594cdd706b0ac1a55de27dd19,Noise_76,VALID
Poultry Vocalization Signal Dataset for Early Disease Detection/Poultry Vocalization Signal Dataset for Early Disease Detection/Chicken_Audio_Dataset/Noise/77.wav,77.wav,Noise,Noise,NOISE,32.9974,48000,1,.wav,3167882,11445fad7d46d3b8d22fc7b399fc501de4ef71cdf3c9722d91737724560f51ba,Noise_77,VALID
Poultry Vocalization Signal Dataset for Early Disease Detection/Poultry Vocalization Signal Dataset for Early Disease Detection/Chicken_Audio_Dataset/Noise/78.wav,78.wav,Noise,Noise,NOISE,22.7568,48000,1,.wav,2184790,e5dbfea74cd847105d81a313a9a278403b2f58e301283ed6c2c9701b5189464c,Noise_78,VALID
Poultry Vocalization Signal Dataset for Early Disease Detection/Poultry Vocalization Signal Dataset for Early Disease Detection/Chicken_Audio_Dataset/Noise/79.wav,79.wav,Noise,Noise,NOISE,18.2055,48000,1,.wav,1747860,ae859035da09e9947605397942a6d0c7402f0757c08607d205bc8f3d374ffb74,Noise_79,VALID
Poultry Vocalization Signal Dataset for Early Disease Detection/Poultry Vocalization Signal Dataset for Early Disease Detection/Chicken_Audio_Dataset/Noise/8.wav,8.wav,Noise,Noise,NOISE,40.4,48000,1,.wav,3878626,6b9f1f2602bf200b6ec7c519d0d00f67833ed05bc51fefc34b0c63877c7825ef,Noise_8,VALID
Poultry Vocalization Signal Dataset for Early Disease Detection/Poultry Vocalization Signal Dataset for Early Disease Detection/Chicken_Audio_Dataset/Noise/80.wav,80.wav,Noise,Noise,NOISE,52.3407,48000,1,.wav,5024840,eba1d5b868f829a121c2ee39395c2fed55769eb12d0dab341c7c32d703b29588,Noise_80,VALID
Poultry Vocalization Signal Dataset for Early Disease Detection/Poultry Vocalization Signal Dataset for Early Disease Detection/Chicken_Audio_Dataset/Noise/81.wav,81.wav,Noise,Noise,NOISE,40.9622,48000,1,.wav,3932512,f9488f8414b6fa072487ab0bd77eff63c772516cc5399ed1d9e69e44f0cdcc40,Noise_81,VALID
Poultry Vocalization Signal Dataset for Early Disease Detection/Poultry Vocalization Signal Dataset for Early Disease Detection/Chicken_Audio_Dataset/Noise/82.wav,82.wav,Noise,Noise,NOISE,61.3839,48000,1,.wav,5892990,5075a72fe5792ee580575a97b4cebd9ab359592acb1249fb855185854a705ab8,Noise_82,VALID
Poultry Vocalization Signal Dataset for Early Disease Detection/Poultry Vocalization Signal Dataset for Early Disease Detection/Chicken_Audio_Dataset/Noise/83.wav,83.wav,Noise,Noise,NOISE,31.8287,48000,1,.wav,3055690,28642ff036174042dc35ca5dfc1097845278f420c0caefef090b5112a26a5cf9,Noise_83,VALID
Poultry Vocalization Signal Dataset for Early Disease Detection/Poultry Vocalization Signal Dataset for Early Disease Detection/Chicken_Audio_Dataset/Noise/84.wav,84.wav,Noise,Noise,NOISE,54.5635,48000,1,.wav,5238230,99b76113da450f7a9614b11ef55b3bd710f856baa0893b5b7eb766a825d2e9c5,Noise_84,VALID
Poultry Vocalization Signal Dataset for Early Disease Detection/Poultry Vocalization Signal Dataset for Early Disease Detection/Chicken_Audio_Dataset/Noise/85.wav,85.wav,Noise,Noise,NOISE,12.4846,48000,1,.wav,1198660,b3ae5eff120e09a8a14d73f131c6a67685cdbd3fb08fb0cdfd8bfc24800de8b3,Noise_85,VALID
Poultry Vocalization Signal Dataset for Early Disease Detection/Poultry Vocalization Signal Dataset for Early Disease Detection/Chicken_Audio_Dataset/Noise/86.wav,86.wav,Noise,Noise,NOISE,0.5764,48000,1,.wav,55466,21cc703519c776dd664ba653c11a6635793ae90bdfbd3293457ec07f3724a322,Noise_86,VALID
Poultry Vocalization Signal Dataset for Early Disease Detection/Poultry Vocalization Signal Dataset for Early Disease Detection/Chicken_Audio_Dataset/Noise/9.wav,9.wav,Noise,Noise,NOISE,53.3487,48000,1,.wav,5121702,e6f2fe6b58d8a58c5e08f782f36b600157091acbb25a0f6dcc10b2746f8ef15b,Noise_9,VALID
Poultry Vocalization Signal Dataset for Early Disease Detection/Poultry Vocalization Signal Dataset for Early Disease Detection/Chicken_Audio_Dataset/Unhealthy/1.wav,1.wav,Unhealthy,Unhealthy,ABNORMAL,22.6015,48000,1,.wav,2169970,c745ab0ef849fda92ca43ac01ddd066a8570484d74c6e6d8990a5e83c97c4582,Unhealthy_1,VALID
Poultry Vocalization Signal Dataset for Early Disease Detection/Poultry Vocalization Signal Dataset for Early Disease Detection/Chicken_Audio_Dataset/Unhealthy/10.wav,10.wav,Unhealthy,Unhealthy,ABNORMAL,22.6015,48000,1,.wav,2169970,b4362746f590703c38754eb0f35950f3ee075854391e610341060604b76864d8,Unhealthy_10,VALID
Poultry Vocalization Signal Dataset for Early Disease Detection/Poultry Vocalization Signal Dataset for Early Disease Detection/Chicken_Audio_Dataset/Unhealthy/100.wav,100.wav,Unhealthy,Unhealthy,ABNORMAL,1.1793,48000,1,.wav,113348,1f7279e5c2f405468b783fa4ed19a550de5fe5b79b17b7a2a1b534c5c952a07b,Unhealthy_100,VALID
Poultry Vocalization Signal Dataset for Early Disease Detection/Poultry Vocalization Signal Dataset for Early Disease Detection/Chicken_Audio_Dataset/Unhealthy/101.wav,101.wav,Unhealthy,Unhealthy,ABNORMAL,0.5409,48000,1,.wav,52062,cf7bcdf5b76aee9656b50d38ee3b7bbcbdbe715a24d4d58b7f03952bdddf8625,Unhealthy_101,VALID
Poultry Vocalization Signal Dataset for Early Disease Detection/Poultry Vocalization Signal Dataset for Early Disease Detection/Chicken_Audio_Dataset/Unhealthy/102.wav,102.wav,Unhealthy,Unhealthy,ABNORMAL,0.603,48000,1,.wav,58020,9c3dbcaa11c14707f18dc3a04a0a2475c7b6e7a2a3a63c67d665ffa1008edc7a,Unhealthy_102,VALID
Poultry Vocalization Signal Dataset for Early Disease Detection/Poultry Vocalization Signal Dataset for Early Disease Detection/Chicken_Audio_Dataset/Unhealthy/103.wav,103.wav,Unhealthy,Unhealthy,ABNORMAL,0.9222,48000,1,.wav,88664,2fa945749e49497528dde00b2fadd0859ccf789431b60a6a141eead907465cb6,Unhealthy_103,VALID
Poultry Vocalization Signal Dataset for Early Disease Detection/Poultry Vocalization Signal Dataset for Early Disease Detection/Chicken_Audio_Dataset/Unhealthy/104.wav,104.wav,Unhealthy,Unhealthy,ABNORMAL,0.8956,48000,1,.wav,86110,39f9fc1b77316ac321dd1cb7c270f3c520a34217b97c11499415bf36a2ac8f2e,Unhealthy_104,VALID
Poultry Vocalization Signal Dataset for Early Disease Detection/Poultry Vocalization Signal Dataset for Early Disease Detection/Chicken_Audio_Dataset/Unhealthy/105.wav,105.wav,Unhealthy,Unhealthy,ABNORMAL,0.7537,48000,1,.wav,72490,416bca69c09cb1832e2759d79d9d112cf60d84e359b29edfbe1e085d7ca7b4de,Unhealthy_105,VALID
Poultry Vocalization Signal Dataset for Early Disease Detection/Poultry Vocalization Signal Dataset for Early Disease Detection/Chicken_Audio_Dataset/Unhealthy/106.wav,106.wav,Unhealthy,Unhealthy,ABNORMAL,0.8246,48000,1,.wav,79300,0d97b9c8e70ef8a228d809ca0d676e7fd249e145c68e44ad0742334f3c3cb0b1,Unhealthy_106,VALID
Poultry Vocalization Signal Dataset for Early Disease Detection/Poultry Vocalization Signal Dataset for Early Disease Detection/Chicken_Audio_Dataset/Unhealthy/107.wav,107.wav,Unhealthy,Unhealthy,ABNORMAL,1.0108,48000,1,.wav,97176,3b2289ee69f7e56122ab8cf0cc8f818f33dc9ad631be60bd13cef60dc262041a,Unhealthy_107,VALID
Poultry Vocalization Signal Dataset for Early Disease Detection/Poultry Vocalization Signal Dataset for Early Disease Detection/Chicken_Audio_Dataset/Unhealthy/108.wav,108.wav,Unhealthy,Unhealthy,ABNORMAL,0.9133,48000,1,.wav,87812,1d71f6b1520733a1dde58c6594b68e9abf049ba74dbdd873b39bc2de21ca8127,Unhealthy_108,VALID
Poultry Vocalization Signal Dataset for Early Disease Detection/Poultry Vocalization Signal Dataset for Early Disease Detection/Chicken_Audio_Dataset/Unhealthy/109.wav,109.wav,Unhealthy,Unhealthy,ABNORMAL,0.8778,48000,1,.wav,84408,6b0b2022e6ad02d6a3e1e44b43c96d2447c94ca01b1081e21cae3c2f4ce513ff,Unhealthy_109,VALID
Poultry Vocalization Signal Dataset for Early Disease Detection/Poultry Vocalization Signal Dataset for Early Disease Detection/Chicken_Audio_Dataset/Unhealthy/11.wav,11.wav,Unhealthy,Unhealthy,ABNORMAL,12.0541,48000,1,.wav,1157424,070444caf7108fa0d241daf47b9bd9172a080fb97100c60445238cde94964013,Unhealthy_11,VALID
Poultry Vocalization Signal Dataset for Early Disease Detection/Poultry Vocalization Signal Dataset for Early Disease Detection/Chicken_Audio_Dataset/Unhealthy/110.wav,110.wav,Unhealthy,Unhealthy,ABNORMAL,0.7625,48000,1,.wav,73340,45c824e9aae39cab7a00940c07ac158bc47d31ed8e42d88b5e1f65054a76ffe5,Unhealthy_110,VALID
Poultry Vocalization Signal Dataset for Early Disease Detection/Poultry Vocalization Signal Dataset for Early Disease Detection/Chicken_Audio_Dataset/Unhealthy/111.wav,111.wav,Unhealthy,Unhealthy,ABNORMAL,1.2813,48000,1,.wav,123138,9b2adb486a4673b05a7ef92cad7822e089c7b0e1a3ab8636d0065054e9a29da8,Unhealthy_111,VALID
Poultry Vocalization Signal Dataset for Early Disease Detection/Poultry Vocalization Signal Dataset for Early Disease Detection/Chicken_Audio_Dataset/Unhealthy/112.wav,112.wav,Unhealthy,Unhealthy,ABNORMAL,0.5143,48000,1,.wav,49508,bdf48cd5bfcb0fd746d701d4154b8b1f505c7cae6f24c7edfb5f2cdf76dedb56,Unhealthy_112,VALID
Poultry Vocalization Signal Dataset for Early Disease Detection/Poultry Vocalization Signal Dataset for Early Disease Detection/Chicken_Audio_Dataset/Unhealthy/113.wav,113.wav,Unhealthy,Unhealthy,ABNORMAL,0.7049,48000,1,.wav,67808,7127a9be76c8f1a737f2f555c3f465ba2740a9f62cd27b0a606b84a54e47d318,Unhealthy_113,VALID
Poultry Vocalization Signal Dataset for Early Disease Detection/Poultry Vocalization Signal Dataset for Early Disease Detection/Chicken_Audio_Dataset/Unhealthy/114.wav,114.wav,Unhealthy,Unhealthy,ABNORMAL,0.603,48000,1,.wav,58020,339cd0047de11706427a61bb35b1903ed9c48900b7bdef5c2ec6c33722f76e70,Unhealthy_114,VALID
Poultry Vocalization Signal Dataset for Early Disease Detection/Poultry Vocalization Signal Dataset for Early Disease Detection/Chicken_Audio_Dataset/Unhealthy/115.wav,115.wav,Unhealthy,Unhealthy,ABNORMAL,0.5719,48000,1,.wav,55040,23ff4a92977da96358bb12acb560df8a54d1731ba6188106e5ab203de7c902cc,Unhealthy_115,VALID
Poultry Vocalization Signal Dataset for Early Disease Detection/Poultry Vocalization Signal Dataset for Early Disease Detection/Chicken_Audio_Dataset/Unhealthy/116.wav,116.wav,Unhealthy,Unhealthy,ABNORMAL,1.0596,48000,1,.wav,101856,d6760eda23a646a7d39917ca91e7579409d79c108cc76eed1804e988b7aa9168,Unhealthy_116,VALID
Poultry Vocalization Signal Dataset for Early Disease Detection/Poultry Vocalization Signal Dataset for Early Disease Detection/Chicken_Audio_Dataset/Unhealthy/117.wav,117.wav,Unhealthy,Unhealthy,ABNORMAL,0.8379,48000,1,.wav,80576,784fb4f28183de6359859f2ee2cf9a03b3bafdfdb6b3f915f5a33df1b31f26b7,Unhealthy_117,VALID
Poultry Vocalization Signal Dataset for Early Disease Detection/Poultry Vocalization Signal Dataset for Early Disease Detection/Chicken_Audio_Dataset/Unhealthy/118.wav,118.wav,Unhealthy,Unhealthy,ABNORMAL,1.1039,48000,1,.wav,106114,5c737192903213e417dfa70fd01458872c6c5333cee2b91c9e1dfa7e827766b5,Unhealthy_118,VALID
Poultry Vocalization Signal Dataset for Early Disease Detection/Poultry Vocalization Signal Dataset for Early Disease Detection/Chicken_Audio_Dataset/Unhealthy/119.wav,119.wav,Unhealthy,Unhealthy,ABNORMAL,0.8202,48000,1,.wav,78874,87d307d03f96e1975fa4d7c95bdde79bf9449ca161acc1b273b90255d8be52de,Unhealthy_119,VALID
Poultry Vocalization Signal Dataset for Early Disease Detection/Poultry Vocalization Signal Dataset for Early Disease Detection/Chicken_Audio_Dataset/Unhealthy/12.wav,12.wav,Unhealthy,Unhealthy,ABNORMAL,63.2841,48000,1,.wav,6075504,64bdf4d8a0e6374ab0f16fb8c8cde9d246ef6921627a1fd8a9077e9fc19f11d6,Unhealthy_12,VALID
Poultry Vocalization Signal Dataset for Early Disease Detection/Poultry Vocalization Signal Dataset for Early Disease Detection/Chicken_Audio_Dataset/Unhealthy/120.wav,120.wav,Unhealthy,Unhealthy,ABNORMAL,0.8069,48000,1,.wav,77598,59bca39ad40d80c1a11b01ccc545472041bf014f337d9b9e6351112c54aa3ba8,Unhealthy_120,VALID
Poultry Vocalization Signal Dataset for Early Disease Detection/Poultry Vocalization Signal Dataset for Early Disease Detection/Chicken_Audio_Dataset/Unhealthy/121.wav,121.wav,Unhealthy,Unhealthy,ABNORMAL,1.3256,48000,1,.wav,127394,1e4882e35bf6859ee79668aaadeb50482bcdfc4c8dc6950e30bc329a6636460c,Unhealthy_121,VALID
Poultry Vocalization Signal Dataset for Early Disease Detection/Poultry Vocalization Signal Dataset for Early Disease Detection/Chicken_Audio_Dataset/Unhealthy/13.wav,13.wav,Unhealthy,Unhealthy,ABNORMAL,34.6556,48000,1,.wav,3327166,23fe88581a1046061d9c379de09ce8f923e810585271bc0f2f4492fef8bed169,Unhealthy_13,VALID
Poultry Vocalization Signal Dataset for Early Disease Detection/Poultry Vocalization Signal Dataset for Early Disease Detection/Chicken_Audio_Dataset/Unhealthy/14.wav,14.wav,Unhealthy,Unhealthy,ABNORMAL,37.6691,48000,1,.wav,3616464,98cec700c13f9be7f7e17f3c7369c767bdfb9418b16c03d0e11dc15557fb1dc8,Unhealthy_14,VALID
Poultry Vocalization Signal Dataset for Early Disease Detection/Poultry Vocalization Signal Dataset for Early Disease Detection/Chicken_Audio_Dataset/Unhealthy/15.wav,15.wav,Unhealthy,Unhealthy,ABNORMAL,15.0677,48000,1,.wav,1446724,81c078aba00b711ba4791bb9453c8a1a4909db9e27bd9531ea17d96bc56f6fa2,Unhealthy_15,VALID
Poultry Vocalization Signal Dataset for Early Disease Detection/Poultry Vocalization Signal Dataset for Early Disease Detection/Chicken_Audio_Dataset/Unhealthy/16.wav,16.wav,Unhealthy,Unhealthy,ABNORMAL,22.6015,48000,1,.wav,2169968,e7895699fda3bce4ce2625bf034af5d8c992b75987aba7d82c50ecbca2ff7259,Unhealthy_16,VALID
Poultry Vocalization Signal Dataset for Early Disease Detection/Poultry Vocalization Signal Dataset for Early Disease Detection/Chicken_Audio_Dataset/Unhealthy/17.wav,17.wav,Unhealthy,Unhealthy,ABNORMAL,57.2571,48000,1,.wav,5496906,43f62c4d95c5e0efc7227db75d4ff39b7a207d976c20e3892032fe93f63a1eb7,Unhealthy_17,VALID
Poultry Vocalization Signal Dataset for Early Disease Detection/Poultry Vocalization Signal Dataset for Early Disease Detection/Chicken_Audio_Dataset/Unhealthy/18.wav,18.wav,Unhealthy,Unhealthy,ABNORMAL,34.6556,48000,1,.wav,3327166,78f226b6bdf7fc80ed71b916d5a292855c8bc686a86cd537c88fbdeb0d7d7736,Unhealthy_18,VALID
Poultry Vocalization Signal Dataset for Early Disease Detection/Poultry Vocalization Signal Dataset for Early Disease Detection/Chicken_Audio_Dataset/Unhealthy/19.wav,19.wav,Unhealthy,Unhealthy,ABNORMAL,21.0947,48000,1,.wav,2025320,524415fbc129ac2680ca3d3b6e6e4a5539b92d24c793850c0cebe210c3dab20e,Unhealthy_19,VALID
Poultry Vocalization Signal Dataset for Early Disease Detection/Poultry Vocalization Signal Dataset for Early Disease Detection/Chicken_Audio_Dataset/Unhealthy/2.wav,2.wav,Unhealthy,Unhealthy,ABNORMAL,36.1624,48000,1,.wav,3471814,4bc77f45f8584f22bde29c3b018022a07febbd64a42257c34a924410743bc513,Unhealthy_2,VALID
Poultry Vocalization Signal Dataset for Early Disease Detection/Poultry Vocalization Signal Dataset for Early Disease Detection/Chicken_Audio_Dataset/Unhealthy/20.wav,20.wav,Unhealthy,Unhealthy,ABNORMAL,15.0676,48000,1,.wav,1446722,762edb280c9eaab080c1092196c025ca61e419716f4bd55247de2a99576662fd,Unhealthy_20,VALID
Poultry Vocalization Signal Dataset for Early Disease Detection/Poultry Vocalization Signal Dataset for Early Disease Detection/Chicken_Audio_Dataset/Unhealthy/21.wav,21.wav,Unhealthy,Unhealthy,ABNORMAL,27.1217,48000,1,.wav,2603916,b04fdaee739c60137b1bee8b441ae43e2f46127acf7d6651ad7ba4b988c74f2a,Unhealthy_21,VALID
Poultry Vocalization Signal Dataset for Early Disease Detection/Poultry Vocalization Signal Dataset for Early Disease Detection/Chicken_Audio_Dataset/Unhealthy/22.wav,22.wav,Unhealthy,Unhealthy,ABNORMAL,18.0812,48000,1,.wav,1736020,3f8f2517ef51c8d5e8f20f8a20bc9edcffe41e449bc3bbd21c46e9c8fbbb40ef,Unhealthy_22,VALID
Poultry Vocalization Signal Dataset for Early Disease Detection/Poultry Vocalization Signal Dataset for Early Disease Detection/Chicken_Audio_Dataset/Unhealthy/23.wav,23.wav,Unhealthy,Unhealthy,ABNORMAL,25.615,48000,1,.wav,2459268,f6fac4108ee8c452870053df38cb35a749bfd7fa326f2966a9f55d0b4f2ebadc,Unhealthy_23,VALID
Poultry Vocalization Signal Dataset for Early Disease Detection/Poultry Vocalization Signal Dataset for Early Disease Detection/Chicken_Audio_Dataset/Unhealthy/24.wav,24.wav,Unhealthy,Unhealthy,ABNORMAL,37.6691,48000,1,.wav,3616464,720ee52f07a2723805026eb11859702af00d490d71c76e27a7ea575bfa27382c,Unhealthy_24,VALID
Poultry Vocalization Signal Dataset for Early Disease Detection/Poultry Vocalization Signal Dataset for Early Disease Detection/Chicken_Audio_Dataset/Unhealthy/25.wav,25.wav,Unhealthy,Unhealthy,ABNORMAL,52.7368,48000,1,.wav,5062958,3a176b771e03f720d5c17d32b52ad8b49c53b762957ac888e04164d1a9599ab4,Unhealthy_25,VALID
Poultry Vocalization Signal Dataset for Early Disease Detection/Poultry Vocalization Signal Dataset for Early Disease Detection/Chicken_Audio_Dataset/Unhealthy/26.wav,26.wav,Unhealthy,Unhealthy,ABNORMAL,43.6703,48000,1,.wav,4192580,fdc255fd5df49410a0494df7d61731c0ea407020259ddf676995736b9b970dc5,Unhealthy_26,VALID
Poultry Vocalization Signal Dataset for Early Disease Detection/Poultry Vocalization Signal Dataset for Early Disease Detection/Chicken_Audio_Dataset/Unhealthy/27.wav,27.wav,Unhealthy,Unhealthy,ABNORMAL,51.1997,48000,1,.wav,4915398,01d86443b44a694f244bb5a5a8e37933452f764ee27ee988534062c25635450e,Unhealthy_27,VALID
Poultry Vocalization Signal Dataset for Early Disease Detection/Poultry Vocalization Signal Dataset for Early Disease Detection/Chicken_Audio_Dataset/Unhealthy/28.wav,28.wav,Unhealthy,Unhealthy,ABNORMAL,85.8347,48000,1,.wav,8240364,3d815e4eac6b9f1d85ee942aa9324651b4098687880ae0b348a61bd2d9487c9f,Unhealthy_28,VALID
Poultry Vocalization Signal Dataset for Early Disease Detection/Poultry Vocalization Signal Dataset for Early Disease Detection/Chicken_Audio_Dataset/Unhealthy/29.wav,29.wav,Unhealthy,Unhealthy,ABNORMAL,69.2702,48000,1,.wav,6650164,94c9d7979388dcb62dc0848176430fd453a421f86fb438f078a61b8d2d6be01f,Unhealthy_29,VALID
Poultry Vocalization Signal Dataset for Early Disease Detection/Poultry Vocalization Signal Dataset for Early Disease Detection/Chicken_Audio_Dataset/Unhealthy/3.wav,3.wav,Unhealthy,Unhealthy,ABNORMAL,31.6421,48000,1,.wav,3037866,edbb6ff9540d71d5e12ff2b9cc1b63ca605c99a0ba93c5f5cf920fa23c22de6d,Unhealthy_3,VALID
Poultry Vocalization Signal Dataset for Early Disease Detection/Poultry Vocalization Signal Dataset for Early Disease Detection/Chicken_Audio_Dataset/Unhealthy/30.wav,30.wav,Unhealthy,Unhealthy,ABNORMAL,33.1292,48000,1,.wav,3180632,18eb28a3ece76fb0f7bfbc343f55445b2c26e4dbcfb7726e40c1d4665b874701,Unhealthy_30,VALID
Poultry Vocalization Signal Dataset for Early Disease Detection/Poultry Vocalization Signal Dataset for Early Disease Detection/Chicken_Audio_Dataset/Unhealthy/31.wav,31.wav,Unhealthy,Unhealthy,ABNORMAL,21.0822,48000,1,.wav,2024122,9489fd4ec746f20591a15545a6156103f70baca9bda7a66a472ace89975e3b4d,Unhealthy_31,VALID
Poultry Vocalization Signal Dataset for Early Disease Detection/Poultry Vocalization Signal Dataset for Early Disease Detection/Chicken_Audio_Dataset/Unhealthy/32.wav,32.wav,Unhealthy,Unhealthy,ABNORMAL,81.3171,48000,1,.wav,7806674,2e26257e9fac6c4ff55165db3ba659238aa0a24c6f7bd319774286c02aa2cd08,Unhealthy_32,VALID
Poultry Vocalization Signal Dataset for Early Disease Detection/Poultry Vocalization Signal Dataset for Early Disease Detection/Chicken_Audio_Dataset/Unhealthy/33.wav,33.wav,Unhealthy,Unhealthy,ABNORMAL,34.6351,48000,1,.wav,3325196,5ffd6591f8ed4255b077311527293f20d14f5580c5c297e17aee48ec318111f3,Unhealthy_33,VALID
Poultry Vocalization Signal Dataset for Early Disease Detection/Poultry Vocalization Signal Dataset for Early Disease Detection/Chicken_Audio_Dataset/Unhealthy/34.wav,34.wav,Unhealthy,Unhealthy,ABNORMAL,36.1409,48000,1,.wav,3469758,b066a3b12e9f261ad6d01ea1684fa5d68f1f627d2298ae8a41cd4f2f295250ff,Unhealthy_34,VALID
Poultry Vocalization Signal Dataset for Early Disease Detection/Poultry Vocalization Signal Dataset for Early Disease Detection/Chicken_Audio_Dataset/Unhealthy/35.wav,35.wav,Unhealthy,Unhealthy,ABNORMAL,66.2584,48000,1,.wav,6361036,117a45907acd065b136ecc705008a55a668bc836d76ac502619cfefdbaaf7da1,Unhealthy_35,VALID
Poultry Vocalization Signal Dataset for Early Disease Detection/Poultry Vocalization Signal Dataset for Early Disease Detection/Chicken_Audio_Dataset/Unhealthy/36.wav,36.wav,Unhealthy,Unhealthy,ABNORMAL,30.1175,48000,1,.wav,2891504,a54d63f8e36a77f0b33d2c88dc48e1e24900747b37e678ab5c383e04187afba7,Unhealthy_36,VALID
Poultry Vocalization Signal Dataset for Early Disease Detection/Poultry Vocalization Signal Dataset for Early Disease Detection/Chicken_Audio_Dataset/Unhealthy/37.wav,37.wav,Unhealthy,Unhealthy,ABNORMAL,60.2349,48000,1,.wav,5782780,3845d96d5de96da9c261c2f8fc40af070170cb3a7a8e36a68c184f28fbebe9fe,Unhealthy_37,VALID
Poultry Vocalization Signal Dataset for Early Disease Detection/Poultry Vocalization Signal Dataset for Early Disease Detection/Chicken_Audio_Dataset/Unhealthy/38.wav,38.wav,Unhealthy,Unhealthy,ABNORMAL,37.6468,48000,1,.wav,3614324,e862381ca94a955e994c26d6fc63ffa4048234e8549c2a5a5932f6b47079e02e,Unhealthy_38,VALID
Poultry Vocalization Signal Dataset for Early Disease Detection/Poultry Vocalization Signal Dataset for Early Disease Detection/Chicken_Audio_Dataset/Unhealthy/39.wav,39.wav,Unhealthy,Unhealthy,ABNORMAL,61.7408,48000,1,.wav,5927344,8be1f16d1d75ddef9fc5d77f197fa8eff790f5fdde8011e360b78eebd1e8ff02,Unhealthy_39,VALID
Poultry Vocalization Signal Dataset for Early Disease Detection/Poultry Vocalization Signal Dataset for Early Disease Detection/Chicken_Audio_Dataset/Unhealthy/4.wav,4.wav,Unhealthy,Unhealthy,ABNORMAL,16.5744,48000,1,.wav,1591372,7b7b299b26b8aaa2646b0f8210fd8b2e58972395202c955284c304c6ff91cccd,Unhealthy_4,VALID
Poultry Vocalization Signal Dataset for Early Disease Detection/Poultry Vocalization Signal Dataset for Early Disease Detection/Chicken_Audio_Dataset/Unhealthy/40.wav,40.wav,Unhealthy,Unhealthy,ABNORMAL,78.3054,48000,1,.wav,7517546,407eacec0ad58e749af45ab17474502ca3feb3fa94865374c917d9052590d385,Unhealthy_40,VALID
Poultry Vocalization Signal Dataset for Early Disease Detection/Poultry Vocalization Signal Dataset for Early Disease Detection/Chicken_Audio_Dataset/Unhealthy/41.wav,41.wav,Unhealthy,Unhealthy,ABNORMAL,16.5646,48000,1,.wav,1590430,9918ced57e833d0724fbb54d0f03a76b0e22f40069b94819b066ceab7251831f,Unhealthy_41,VALID
Poultry Vocalization Signal Dataset for Early Disease Detection/Poultry Vocalization Signal Dataset for Early Disease Detection/Chicken_Audio_Dataset/Unhealthy/42.wav,42.wav,Unhealthy,Unhealthy,ABNORMAL,43.6703,48000,1,.wav,4192578,adb4dcd271bc54e3a84954eea6486e9c2fdec6890f35fb48988c5026f2a219d1,Unhealthy_42,VALID
Poultry Vocalization Signal Dataset for Early Disease Detection/Poultry Vocalization Signal Dataset for Early Disease Detection/Chicken_Audio_Dataset/Unhealthy/43.wav,43.wav,Unhealthy,Unhealthy,ABNORMAL,72.2819,48000,1,.wav,6939290,e42a29605af48465a60a31321c812586fdad3ad5bf4b6a1402df3261dc9581de,Unhealthy_43,VALID
Poultry Vocalization Signal Dataset for Early Disease Detection/Poultry Vocalization Signal Dataset for Early Disease Detection/Chicken_Audio_Dataset/Unhealthy/44.wav,44.wav,Unhealthy,Unhealthy,ABNORMAL,52.7055,48000,1,.wav,5059960,7c6663fb4698079fc36d6a6ac27af4d81ae386ed803ee49b7ec21ebafaa1c323,Unhealthy_44,VALID
Poultry Vocalization Signal Dataset for Early Disease Detection/Poultry Vocalization Signal Dataset for Early Disease Detection/Chicken_Audio_Dataset/Unhealthy/45.wav,45.wav,Unhealthy,Unhealthy,ABNORMAL,72.2819,48000,1,.wav,6939290,23f6af440032c6eb3e28684343ac00ff48da448783fdfad33b1c44ece2b6c9d5,Unhealthy_45,VALID
Poultry Vocalization Signal Dataset for Early Disease Detection/Poultry Vocalization Signal Dataset for Early Disease Detection/Chicken_Audio_Dataset/Unhealthy/46.wav,46.wav,Unhealthy,Unhealthy,ABNORMAL,48.1879,48000,1,.wav,4626270,f0c7f395316e0c7694af485ab7a53b35aba447a2c2e57abac5fd7e6da6d5ac9a,Unhealthy_46,VALID
Poultry Vocalization Signal Dataset for Early Disease Detection/Poultry Vocalization Signal Dataset for Early Disease Detection/Chicken_Audio_Dataset/Unhealthy/47.wav,47.wav,Unhealthy,Unhealthy,ABNORMAL,112.9405,48000,1,.wav,10842514,e727c67a10e32d1edb41c2a923fef71252717cdc675b19def5e4487ece5b5bdc,Unhealthy_47,VALID
Poultry Vocalization Signal Dataset for Early Disease Detection/Poultry Vocalization Signal Dataset for Early Disease Detection/Chicken_Audio_Dataset/Unhealthy/48.wav,48.wav,Unhealthy,Unhealthy,ABNORMAL,22.5881,48000,1,.wav,2168686,6f6b2a8c986ec9e26ce9092be2829189c2247bdf3f7819f38d996ee461d81004,Unhealthy_48,VALID
Poultry Vocalization Signal Dataset for Early Disease Detection/Poultry Vocalization Signal Dataset for Early Disease Detection/Chicken_Audio_Dataset/Unhealthy/49.wav,49.wav,Unhealthy,Unhealthy,ABNORMAL,19.577,48000,1,.wav,1879624,b3e08dbb05ec9f756f55092e92cb698f51775ff1b60898b173c5ff9b8f5c4075,Unhealthy_49,VALID
Poultry Vocalization Signal Dataset for Early Disease Detection/Poultry Vocalization Signal Dataset for Early Disease Detection/Chicken_Audio_Dataset/Unhealthy/5.wav,5.wav,Unhealthy,Unhealthy,ABNORMAL,36.1624,48000,1,.wav,3471814,1aaf7ec9709e61ad2c4304bb536dca512a4c2cf7f22aa6c78d3703862bcc819f,Unhealthy_5,VALID
Poultry Vocalization Signal Dataset for Early Disease Detection/Poultry Vocalization Signal Dataset for Early Disease Detection/Chicken_Audio_Dataset/Unhealthy/50.wav,50.wav,Unhealthy,Unhealthy,ABNORMAL,19.577,48000,1,.wav,1879624,dca371acf0ab6aae60e17482d75887e2d9be068fe194d7cf3768c2d024c431ba,Unhealthy_50,VALID
Poultry Vocalization Signal Dataset for Early Disease Detection/Poultry Vocalization Signal Dataset for Early Disease Detection/Chicken_Audio_Dataset/Unhealthy/51.wav,51.wav,Unhealthy,Unhealthy,ABNORMAL,22.5889,48000,1,.wav,2168762,2c737be4bb7a4b6e73f75304861e5870b6c5e8f02fac95df8eda0a85237737cf,Unhealthy_51,VALID
Poultry Vocalization Signal Dataset for Early Disease Detection/Poultry Vocalization Signal Dataset for Early Disease Detection/Chicken_Audio_Dataset/Unhealthy/52.wav,52.wav,Unhealthy,Unhealthy,ABNORMAL,40.66,48000,1,.wav,3903588,abfedea4cb63b901e07f8c0113b3adc4f2a3b887adee3b31aeedf9574258b6bc,Unhealthy_52,VALID
Poultry Vocalization Signal Dataset for Early Disease Detection/Poultry Vocalization Signal Dataset for Early Disease Detection/Chicken_Audio_Dataset/Unhealthy/53.wav,53.wav,Unhealthy,Unhealthy,ABNORMAL,40.66,48000,1,.wav,3903590,06c012361bba13c53918b41bf6a1af3c354d6133eab2b890dc50081f19941520,Unhealthy_53,VALID
Poultry Vocalization Signal Dataset for Early Disease Detection/Poultry Vocalization Signal Dataset for Early Disease Detection/Chicken_Audio_Dataset/Unhealthy/54.wav,54.wav,Unhealthy,Unhealthy,ABNORMAL,31.6245,48000,1,.wav,3036176,a617c19c992fdf8b5e0fd1666245245ffb6349feb5fad47f1c7dee33a5ff21e2,Unhealthy_54,VALID
Poultry Vocalization Signal Dataset for Early Disease Detection/Poultry Vocalization Signal Dataset for Early Disease Detection/Chicken_Audio_Dataset/Unhealthy/55.wav,55.wav,Unhealthy,Unhealthy,ABNORMAL,43.6719,48000,1,.wav,4192726,c32753d1e1d280edcd6ceacc8741c16b02e96443fe2f0cd7370243a120f99c4b,Unhealthy_55,VALID
Poultry Vocalization Signal Dataset for Early Disease Detection/Poultry Vocalization Signal Dataset for Early Disease Detection/Chicken_Audio_Dataset/Unhealthy/56.wav,56.wav,Unhealthy,Unhealthy,ABNORMAL,55.7193,48000,1,.wav,5349280,ffa93dc0d5ca31fbddfdc014e8d1a8d1ad2c7346821b4a4345d1bdaf93bbca8c,Unhealthy_56,VALID
Poultry Vocalization Signal Dataset for Early Disease Detection/Poultry Vocalization Signal Dataset for Early Disease Detection/Chicken_Audio_Dataset/Unhealthy/57.wav,57.wav,Unhealthy,Unhealthy,ABNORMAL,42.1659,48000,1,.wav,4048158,5308b8225f2f4f77369e9fa22fa3a78e8703541b34bfbc836aa6c447dc5f9887,Unhealthy_57,VALID
Poultry Vocalization Signal Dataset for Early Disease Detection/Poultry Vocalization Signal Dataset for Early Disease Detection/Chicken_Audio_Dataset/Unhealthy/58.wav,58.wav,Unhealthy,Unhealthy,ABNORMAL,31.6245,48000,1,.wav,3036176,6501da4426f915b5f684a1a79d2bf5654ea9ed8ad9f2fdd71cbecf213b98af01,Unhealthy_58,VALID
Poultry Vocalization Signal Dataset for Early Disease Detection/Poultry Vocalization Signal Dataset for Early Disease Detection/Chicken_Audio_Dataset/Unhealthy/59.wav,59.wav,Unhealthy,Unhealthy,ABNORMAL,42.1659,48000,1,.wav,4048158,053d3fb311ed2a77c12097913b8c401796a1b9ac51db2a55a9684d2a761de5b8,Unhealthy_59,VALID
Poultry Vocalization Signal Dataset for Early Disease Detection/Poultry Vocalization Signal Dataset for Early Disease Detection/Chicken_Audio_Dataset/Unhealthy/6.wav,6.wav,Unhealthy,Unhealthy,ABNORMAL,24.1083,48000,1,.wav,2314620,f709147215e530f1ae58c990e77b1a234a2122fd31af58e337ddc1303991edc9,Unhealthy_6,VALID
Poultry Vocalization Signal Dataset for Early Disease Detection/Poultry Vocalization Signal Dataset for Early Disease Detection/Chicken_Audio_Dataset/Unhealthy/60.wav,60.wav,Unhealthy,Unhealthy,ABNORMAL,51.2015,48000,1,.wav,4915572,3418920129b288a6798403b80fabdbfee68ef81b1bfe29bb8553b0413aee9862,Unhealthy_60,VALID
Poultry Vocalization Signal Dataset for Early Disease Detection/Poultry Vocalization Signal Dataset for Early Disease Detection/Chicken_Audio_Dataset/Unhealthy/61.wav,61.wav,Unhealthy,Unhealthy,ABNORMAL,28.6126,48000,1,.wav,2747038,f706032dc8e7a4bf29bf99bb0d533d5e67a23a2ab7d3e0579b96b446de99573e,Unhealthy_61,VALID
Poultry Vocalization Signal Dataset for Early Disease Detection/Poultry Vocalization Signal Dataset for Early Disease Detection/Chicken_Audio_Dataset/Unhealthy/62.wav,62.wav,Unhealthy,Unhealthy,ABNORMAL,99.3911,48000,1,.wav,9541778,f802e637e224c50749c116793ec0fda63cfa5db60aa40fcd66447d9487006432,Unhealthy_62,VALID
Poultry Vocalization Signal Dataset for Early Disease Detection/Poultry Vocalization Signal Dataset for Early Disease Detection/Chicken_Audio_Dataset/Unhealthy/63.wav,63.wav,Unhealthy,Unhealthy,ABNORMAL,31.6245,48000,1,.wav,3036176,ab95a41e7e5a6664bce879621439f1d6b09e6e5add789ed668bd2189d25a45bd,Unhealthy_63,VALID
Poultry Vocalization Signal Dataset for Early Disease Detection/Poultry Vocalization Signal Dataset for Early Disease Detection/Chicken_Audio_Dataset/Unhealthy/64.wav,64.wav,Unhealthy,Unhealthy,ABNORMAL,21.083,48000,1,.wav,2024192,8c82e9a9feea97ac3462ba7f958ad321e3be9a5d7968c69407f8f58e2e34cab4,Unhealthy_64,VALID
Poultry Vocalization Signal Dataset for Early Disease Detection/Poultry Vocalization Signal Dataset for Early Disease Detection/Chicken_Audio_Dataset/Unhealthy/65.wav,65.wav,Unhealthy,Unhealthy,ABNORMAL,134.0274,48000,1,.wav,12866862,8a8682a2904d015f4d04392987d0087c434c0aa9ef1e44afe35f91a3706328f3,Unhealthy_65,VALID
Poultry Vocalization Signal Dataset for Early Disease Detection/Poultry Vocalization Signal Dataset for Early Disease Detection/Chicken_Audio_Dataset/Unhealthy/66.wav,66.wav,Unhealthy,Unhealthy,ABNORMAL,22.5889,48000,1,.wav,2168762,700e21545a7cc80c9c24b2eba84107932efc9cbaeada587ade8fe6aaf7e22f55,Unhealthy_66,VALID
Poultry Vocalization Signal Dataset for Early Disease Detection/Poultry Vocalization Signal Dataset for Early Disease Detection/Chicken_Audio_Dataset/Unhealthy/67.wav,67.wav,Unhealthy,Unhealthy,ABNORMAL,54.2134,48000,1,.wav,5204710,7b636e5908246028e151eb3f68113f67ae5f085cc3ead9fe305e3e80d1a90d4b,Unhealthy_67,VALID
Poultry Vocalization Signal Dataset for Early Disease Detection/Poultry Vocalization Signal Dataset for Early Disease Detection/Chicken_Audio_Dataset/Unhealthy/68.wav,68.wav,Unhealthy,Unhealthy,ABNORMAL,27.1067,48000,1,.wav,2602470,954f4a26935086ff4ad686771adbc3e5dd61459cfbc81a8c115df5f9e0398150,Unhealthy_68,VALID
Poultry Vocalization Signal Dataset for Early Disease Detection/Poultry Vocalization Signal Dataset for Early Disease Detection/Chicken_Audio_Dataset/Unhealthy/69.wav,69.wav,Unhealthy,Unhealthy,ABNORMAL,90.3556,48000,1,.wav,8674364,1fd9b9fffa74d34ae449cd8c7c8c1512191180b83458acfe34fc5eecc54d1dec,Unhealthy_69,VALID
Poultry Vocalization Signal Dataset for Early Disease Detection/Poultry Vocalization Signal Dataset for Early Disease Detection/Chicken_Audio_Dataset/Unhealthy/7.wav,7.wav,Unhealthy,Unhealthy,ABNORMAL,16.5744,48000,1,.wav,1591370,69d6a305a22666e45f04acbcf6db1e205a867ac27b2a2d10694b85c89fe4de62,Unhealthy_7,VALID
Poultry Vocalization Signal Dataset for Early Disease Detection/Poultry Vocalization Signal Dataset for Early Disease Detection/Chicken_Audio_Dataset/Unhealthy/70.wav,70.wav,Unhealthy,Unhealthy,ABNORMAL,15.0593,48000,1,.wav,1445918,cf8a28756fac30b475ddaf3f713d0b22b0eb6708e2506d668a4703eff2d37764,Unhealthy_70,VALID
Poultry Vocalization Signal Dataset for Early Disease Detection/Poultry Vocalization Signal Dataset for Early Disease Detection/Chicken_Audio_Dataset/Unhealthy/71.wav,71.wav,Unhealthy,Unhealthy,ABNORMAL,12.0474,48000,1,.wav,1156778,91a44a08b84aa6b29ba386ed37b23733191b4abc8d24e833fae9663c366060e6,Unhealthy_71,VALID
Poultry Vocalization Signal Dataset for Early Disease Detection/Poultry Vocalization Signal Dataset for Early Disease Detection/Chicken_Audio_Dataset/Unhealthy/72.wav,72.wav,Unhealthy,Unhealthy,ABNORMAL,21.083,48000,1,.wav,2024194,8062a83d817430df3c97f5660038917a594ecc613ab4dcc1b3b7838a77572ff8,Unhealthy_72,VALID
Poultry Vocalization Signal Dataset for Early Disease Detection/Poultry Vocalization Signal Dataset for Early Disease Detection/Chicken_Audio_Dataset/Unhealthy/73.wav,73.wav,Unhealthy,Unhealthy,ABNORMAL,33.1323,48000,1,.wav,3180932,1ebe8a57db93c754402d8486caa34553aba8157387a76e04cb53f2d2b19390de,Unhealthy_73,VALID
Poultry Vocalization Signal Dataset for Early Disease Detection/Poultry Vocalization Signal Dataset for Early Disease Detection/Chicken_Audio_Dataset/Unhealthy/74.wav,74.wav,Unhealthy,Unhealthy,ABNORMAL,12.0481,48000,1,.wav,1156848,4660e920acd173aa2532fdbae7750d8eddc50a47afce858438ec485f57c5c7bc,Unhealthy_74,VALID
Poultry Vocalization Signal Dataset for Early Disease Detection/Poultry Vocalization Signal Dataset for Early Disease Detection/Chicken_Audio_Dataset/Unhealthy/75.wav,75.wav,Unhealthy,Unhealthy,ABNORMAL,28.6143,48000,1,.wav,2747202,c424749aff8b8d7fb6b888a6f16952f6b7ed259ae0395f9abfb8e7b6fd6c0150,Unhealthy_75,VALID
Poultry Vocalization Signal Dataset for Early Disease Detection/Poultry Vocalization Signal Dataset for Early Disease Detection/Chicken_Audio_Dataset/Unhealthy/76.wav,76.wav,Unhealthy,Unhealthy,ABNORMAL,82.8309,48000,1,.wav,7951990,c503c9c2a391b4011dff79dcbfcbc6fe208350d4ea9925d9dddb21ada8cf8ca5,Unhealthy_76,VALID
Poultry Vocalization Signal Dataset for Early Disease Detection/Poultry Vocalization Signal Dataset for Early Disease Detection/Chicken_Audio_Dataset/Unhealthy/77.wav,77.wav,Unhealthy,Unhealthy,ABNORMAL,22.5902,48000,1,.wav,2168890,3b027e54e1c9f84180f32c5c64aa80b90bb02da76b5aa4a8b4381581ab376c4f,Unhealthy_77,VALID
Poultry Vocalization Signal Dataset for Early Disease Detection/Poultry Vocalization Signal Dataset for Early Disease Detection/Chicken_Audio_Dataset/Unhealthy/78.wav,78.wav,Unhealthy,Unhealthy,ABNORMAL,45.1805,48000,1,.wav,4337554,93ab098bbe44ff2a488d50040ab728038f201fbf40129418165afabb39367f9c,Unhealthy_78,VALID
Poultry Vocalization Signal Dataset for Early Disease Detection/Poultry Vocalization Signal Dataset for Early Disease Detection/Chicken_Audio_Dataset/Unhealthy/79.wav,79.wav,Unhealthy,Unhealthy,ABNORMAL,42.1684,48000,1,.wav,4048398,a0df73e8c78546148d3a8cb9b74c7f62c991a551c9099a41fd77ec240bbce7af,Unhealthy_79,VALID
Poultry Vocalization Signal Dataset for Early Disease Detection/Poultry Vocalization Signal Dataset for Early Disease Detection/Chicken_Audio_Dataset/Unhealthy/8.wav,8.wav,Unhealthy,Unhealthy,ABNORMAL,16.5744,48000,1,.wav,1591372,df33ac54552a0c585486050577d205eb3fe42a75ae553b19a7ee82031590b9ca,Unhealthy_8,VALID
Poultry Vocalization Signal Dataset for Early Disease Detection/Poultry Vocalization Signal Dataset for Early Disease Detection/Chicken_Audio_Dataset/Unhealthy/80.wav,80.wav,Unhealthy,Unhealthy,ABNORMAL,54.2166,48000,1,.wav,5205018,8d568d65f30a88b968dc47f688cbd9bc65ac3b4a490f8726c34d483eea47f8af,Unhealthy_80,VALID
Poultry Vocalization Signal Dataset for Early Disease Detection/Poultry Vocalization Signal Dataset for Early Disease Detection/Chicken_Audio_Dataset/Unhealthy/81.wav,81.wav,Unhealthy,Unhealthy,ABNORMAL,10.765,48000,1,.wav,1033572,59b81fc52f37f5560886ae6e76e56971bed46fbbc0e8eb15955b6befee1d55bd,Unhealthy_81,VALID
Poultry Vocalization Signal Dataset for Early Disease Detection/Poultry Vocalization Signal Dataset for Early Disease Detection/Chicken_Audio_Dataset/Unhealthy/82.wav,82.wav,Unhealthy,Unhealthy,ABNORMAL,30.6441,48000,1,.wav,2941968,fff9aedb85ec74123b3b3f7b3da1964a3a250f94377624b5f4d9067cea298628,Unhealthy_82,VALID
Poultry Vocalization Signal Dataset for Early Disease Detection/Poultry Vocalization Signal Dataset for Early Disease Detection/Chicken_Audio_Dataset/Unhealthy/83.wav,83.wav,Unhealthy,Unhealthy,ABNORMAL,34.049,48000,1,.wav,3268836,59cdb48504efdcf2dc862171a0be9cc8a55a6cf80d9b3b6940a9af55e334f20d,Unhealthy_83,VALID
Poultry Vocalization Signal Dataset for Early Disease Detection/Poultry Vocalization Signal Dataset for Early Disease Detection/Chicken_Audio_Dataset/Unhealthy/84.wav,84.wav,Unhealthy,Unhealthy,ABNORMAL,28.3741,48000,1,.wav,2724054,c48b85e638f09d120500be08f8ae7a961281ad7a1e500b842e8077678ed8e463,Unhealthy_84,VALID
Poultry Vocalization Signal Dataset for Early Disease Detection/Poultry Vocalization Signal Dataset for Early Disease Detection/Chicken_Audio_Dataset/Unhealthy/85.wav,85.wav,Unhealthy,Unhealthy,ABNORMAL,26.1042,48000,1,.wav,2506140,8ad668d00caef3dcb5ee327a6ba967ed4505fb763d7b7899e1292f5d5078ce07,Unhealthy_85,VALID
Poultry Vocalization Signal Dataset for Early Disease Detection/Poultry Vocalization Signal Dataset for Early Disease Detection/Chicken_Audio_Dataset/Unhealthy/86.wav,86.wav,Unhealthy,Unhealthy,ABNORMAL,3.5467,48000,1,.wav,340624,20753ad7eb604bb5604c87ad53d6f8757e82fda49840dccd4c11bd7bede6d48b,Unhealthy_86,VALID
Poultry Vocalization Signal Dataset for Early Disease Detection/Poultry Vocalization Signal Dataset for Early Disease Detection/Chicken_Audio_Dataset/Unhealthy/87.wav,87.wav,Unhealthy,Unhealthy,ABNORMAL,4.398,48000,1,.wav,422344,110162c9ba5eb7d700e52bf434aa3758414a60461fc00a1c3e9e38e157716367,Unhealthy_87,VALID
Poultry Vocalization Signal Dataset for Early Disease Detection/Poultry Vocalization Signal Dataset for Early Disease Detection/Chicken_Audio_Dataset/Unhealthy/88.wav,88.wav,Unhealthy,Unhealthy,ABNORMAL,6.6679,48000,1,.wav,640256,02975d1fc0b0078444322dfa3decf20b1bfa3fa3882787590f5e4429f609e758,Unhealthy_88,VALID
Poultry Vocalization Signal Dataset for Early Disease Detection/Poultry Vocalization Signal Dataset for Early Disease Detection/Chicken_Audio_Dataset/Unhealthy/89.wav,89.wav,Unhealthy,Unhealthy,ABNORMAL,4.1852,48000,1,.wav,401914,1585c2528e216724b0d3c02b12fb714714e4caf8bf495e999f1bbe74a2fc847f,Unhealthy_89,VALID
Poultry Vocalization Signal Dataset for Early Disease Detection/Poultry Vocalization Signal Dataset for Early Disease Detection/Chicken_Audio_Dataset/Unhealthy/9.wav,9.wav,Unhealthy,Unhealthy,ABNORMAL,16.5744,48000,1,.wav,1591372,ed0378c74134ec88668b887ccf0bf8837ad5e0b8c72ec08d8a14d7c4846763c1,Unhealthy_9,VALID
Poultry Vocalization Signal Dataset for Early Disease Detection/Poultry Vocalization Signal Dataset for Early Disease Detection/Chicken_Audio_Dataset/Unhealthy/90.wav,90.wav,Unhealthy,Unhealthy,ABNORMAL,2.9084,48000,1,.wav,279338,c9ebe93576a000670015d215375c5f47ce5581b41c55583932e46de97503b626,Unhealthy_90,VALID
Poultry Vocalization Signal Dataset for Early Disease Detection/Poultry Vocalization Signal Dataset for Early Disease Detection/Chicken_Audio_Dataset/Unhealthy/91.wav,91.wav,Unhealthy,Unhealthy,ABNORMAL,3.6177,48000,1,.wav,347434,dd9b7ed2cbe440705e9727646f508197ae2598e6cebb8d601c8385b544b9f1ba,Unhealthy_91,VALID
Poultry Vocalization Signal Dataset for Early Disease Detection/Poultry Vocalization Signal Dataset for Early Disease Detection/Chicken_Audio_Dataset/Unhealthy/92.wav,92.wav,Unhealthy,Unhealthy,ABNORMAL,3.6886,48000,1,.wav,354244,756150c8d108c921fff64aa7ccbb55acd2b534246e89d53c358db67321cdc028,Unhealthy_92,VALID
Poultry Vocalization Signal Dataset for Early Disease Detection/Poultry Vocalization Signal Dataset for Early Disease Detection/Chicken_Audio_Dataset/Unhealthy/93.wav,93.wav,Unhealthy,Unhealthy,ABNORMAL,1.9862,48000,1,.wav,190812,64a0c5e0097bd0ac24b375b6bd3bdbb95280fccfb770c4d9545623ed30331fac,Unhealthy_93,VALID
Poultry Vocalization Signal Dataset for Early Disease Detection/Poultry Vocalization Signal Dataset for Early Disease Detection/Chicken_Audio_Dataset/Unhealthy/94.wav,94.wav,Unhealthy,Unhealthy,ABNORMAL,4.2561,48000,1,.wav,408724,a830ef746cfbc54288c80f47cb6ec84aa3ffe1a1f149c6f60fe6b59119247100,Unhealthy_94,VALID
Poultry Vocalization Signal Dataset for Early Disease Detection/Poultry Vocalization Signal Dataset for Early Disease Detection/Chicken_Audio_Dataset/Unhealthy/95.wav,95.wav,Unhealthy,Unhealthy,ABNORMAL,10.0728,48000,1,.wav,967126,e29b41d19933915900a727fd1fd1df150f5c1e77873c3afd166c18a8be8b1785,Unhealthy_95,VALID
Poultry Vocalization Signal Dataset for Early Disease Detection/Poultry Vocalization Signal Dataset for Early Disease Detection/Chicken_Audio_Dataset/Unhealthy/96.wav,96.wav,Unhealthy,Unhealthy,ABNORMAL,9.2216,48000,1,.wav,885408,004c2d790b38ea84be16517fcd71cff10241179b9092eafcffeac259dc15086e,Unhealthy_96,VALID
Poultry Vocalization Signal Dataset for Early Disease Detection/Poultry Vocalization Signal Dataset for Early Disease Detection/Chicken_Audio_Dataset/Unhealthy/97.wav,97.wav,Unhealthy,Unhealthy,ABNORMAL,3.334,48000,1,.wav,320196,cb6dbb4ba20e898d0151b963f3ef2e1ce2ce718ecd43de4070e07b6e41f1e8be,Unhealthy_97,VALID
Poultry Vocalization Signal Dataset for Early Disease Detection/Poultry Vocalization Signal Dataset for Early Disease Detection/Chicken_Audio_Dataset/Unhealthy/98.wav,98.wav,Unhealthy,Unhealthy,ABNORMAL,6.1714,48000,1,.wav,592588,1b676d6be404f718bbb77f1d5c1dc550135f59330e79422994a35121c87e5412,Unhealthy_98,VALID
Poultry Vocalization Signal Dataset for Early Disease Detection/Poultry Vocalization Signal Dataset for Early Disease Detection/Chicken_Audio_Dataset/Unhealthy/99.wav,99.wav,Unhealthy,Unhealthy,ABNORMAL,0.4611,48000,1,.wav,44398,211dbb902d9895b3a4e4583e4af15beb5fc12172d28b6bdfd0790e64aa407370,Unhealthy_99,VALID
